11673,b25lYml0YmV5b25k,ContainThis,38662,76561197970332320,141,39
11674,b25lYml0YmV5b25k,ThrillSeeker,66499,76561197970332320,213,52
11677,b25lYml0YmV5b25k,SeekerEnlightenment,35214,76561197970332320,108,28
11679,b25lYml0YmV5b25k,PortalImmortal,24248,76561197970332320,304,85
11682,b25lYml0YmV5b25k,Frame,15183,76561197970332320,121,32
11684,b25lYml0YmV5b25k,HighwayPatrol,16940,76561197970332320,272,73
11685,b25lYml0YmV5b25k,PackedMan,20574,76561197970332320,163,42
11686,b25lYml0YmV5b25k,TripleChocChipped,34170,76561197970332320,337,73
11687,b25lYml0YmV5b25k,Crunch,20891,76561197970332320,554,136
11689,b25lYml0YmV5b25k,CrouchEnd,21375,76561197970332320,275,82
11691,b25lYml0YmV5b25k,CamerOn,22085,76561197970332320,407,116
11696,QWpheCBQbGlza2lu,AllGoodThings,58431,76561197965112672,409,94
11697,QWpheCBQbGlza2lu,ExplodaPatrolla,33894,76561197965112672,112,28
11698,QWpheCBQbGlza2lu,LightWeight,22971,76561197965112672,151,39
11699,QWpheCBQbGlza2lu,PortAllStarboard,17875,76561197965112672,94,27
11700,ZGFudGhhdA==,section1138,9971,76561197970332320,131,35
11701,QWpheCBQbGlza2lu,RobotRelation,30344,76561197965112672,307,78
11702,QWpheCBQbGlza2lu,SlowBastard,18306,76561197965112672,97,24
11703,QWpheCBQbGlza2lu,TradingPlaces,41693,76561197965112672,322,82
11710,R2F6b2lk,BlockBridge,25777,76561197967902864,289,80
11711,R2F6b2lk,FallenFaith,44738,76561197967902864,2078,475
11712,R2F6b2lk,LaserLink,33260,76561197967902864,5051,1128
11713,R2F6b2lk,LightMix,21911,76561197967902864,3280,725
11714,R2F6b2lk,RoboRecruit,31597,76561197967902864,224,58
11715,R2F6b2lk,RouteMaster,26840,76561197967902864,90,22
11716,R2F6b2lk,TwoGuardians,48203,76561197967902864,252,59
11717,VHJhaXRvciBNYWdudXM=,TestMapPoop,5190,76561197960791792,359,137
11718,SGVwaHk=,shorty,7341,76561198010737664,286,100
11719,fiBIRUFWRU4zMQ==,ClickandRun,5782,76561197961576944,237,77
11720,RmlyemVuNzc3,Lab777Choice,56691,76561197982380672,117,33
11722,fiBIRUFWRU4zMQ==,RunForYourLife,8125,76561197961576944,109,33
11723,RmlyemVuNzc3,shorty,26247,76561197982380672,291,90
11726,QW50aG9ueSBRdmFybnN0cm9t,OnTheEdge,16150,76561197972428656,81,22
11728,PUVja289Tm92YQ==,WakingUp,8381,76561197987874528,219,59
11729,LS0=,TrialRunMk1,2810,76561198025307056,169,49
11730,PUVja289Tm92YQ==,SearchCenter,11888,76561197987874528,209,57
11731,QW5nZWxvZkRldg==,DumbClones,4285,76561197972038528,213,66
11733,PUVja289Tm92YQ==,DeathSector,16083,76561197987874528,157,40
11734,TXlzdHJvc3Rhcg==,BackToBasics,7771,76561198064261888,304,104
11736,U3Bpa2V5Ym95MTIz,Turnthatlightoff,7922,76561198058946928,70,21
11737,RmlyemVuNzc3,Lab777SevenLevel,104015,76561197982380672,322,76
11738,RmlyemVuNzc3,Lab777ChoiceHard,56745,76561197982380672,25,5
11739,U3Rsa25nbmU=,4sliders,3876,76561198014387760,52,12
11740,PUVja289Tm92YQ==,Panic,10087,76561197987874528,600,171
11741,U291bGRhZGR5IEZyZXNo,SensorDance,22380,76561197970413824,15,4
11742,Y21s,Patience,7933,76561198007601904,0,0
11748,Y21s,claustophobia,21002,76561198007601904,0,0
11753,fiBIRUFWRU4zMQ==,Love,3909,76561197961576944,166,49
11754,RHIuIE5pY2s=,CloneZone,23530,76561197991993280,265,86
11762,UmFpaW5lQ2xvdWQ=,FatalEscape,10801,76561198064023328,15,5
11763,U3Rsa25nbmU=,3sliders,6032,76561198014387760,38,10
11764,SGV4YWZsZXg=,SensorCrashTest,2134,76561197970585840,206,78
11765,Wm9tYmllRGVhdGg=,Sector1A,12613,76561197976914176,187,53
11766,SGFydmV5,MissionPossible,3544,76561198037639888,101,32
11767,RmlyemVuNzc3,Lab777SixLevel,108129,76561197982380672,70,17
11768,S2Flc2U=,JustATestlevel,3432,76561197981544032,196,81
11769,Wm9kZQ==,LaserTemple01,4882,76561197963436672,134,43
11770,Wm9kZQ==,ClonePrisonEscape,9170,76561197963436672,149,43
11771,Wm9tYmllRGVhdGg=,Sector1B,7980,76561197976914176,202,63
11772,fiBIRUFWRU4zMQ==,FirstSteps,17942,76561197961576944,208,87
11773,SGV4YWZsZXg=,PackedMan,20381,76561197970585840,174,44
11774,U3VwZXJMdWlnaUJyb3M=,CaveSystem,25435,76561197993652896,132,34
11775,R2FtZXIgR3JleWZveDEyMg==,LightsOn,35887,76561198019030464,260,65
11776,fiBIRUFWRU4zMQ==,Sector1B,7955,76561197961576944,173,57
11777,fiBIRUFWRU4zMQ==,Patience,8059,76561197961576944,174,63
11778,fiBIRUFWRU4zMQ==,claustophobia,21855,76561197961576944,97,28
11779,fiBIRUFWRU4zMQ==,SensorCrashTest,2186,76561197961576944,224,92
11781,TUFDIHxVS0NTfA==,MACLab1A,27188,76561197978965600,70,17
11782,RGV6emFtb24=,DontTouchThatButton,4539,76561197970830480,225,91
11784,TUFDIHxVS0NTfA==,MACLab1B,22015,76561197978965600,2,1
11786,S29saW5r,RescueConcept,19023,76561198036659760,197,50
11787,U3VwZXJMdWlnaUJyb3M=,AFriendInNeed,53401,76561197993652896,127,33
11788,U3B5ZGVy,Elevator,24674,76561198051113280,130,33
11789,fiBIRUFWRU4zMQ==,JustATestlevel,3451,76561197961576944,99,38
11790,fiBIRUFWRU4zMQ==,Push,5645,76561197961576944,248,94
11791,U2lyIEdlbnRsZW1hbg==,Chambers,33729,76561198001350848,10,3
11793,SkFTT09PT09PT09PTg==,Clonework,26231,76561198003882528,46,12
11794,RXhhY2VyYW5ndXRhbg==,LaserRotor,8713,76561198030735536,6,3
11795,U3B5ZGVy,Timing,26227,76561198051113280,15,4
11796,U3VwZXJMdWlnaUJyb3M=,TwoTowers,13064,76561197993652896,276,74
11797,PUVja289Tm92YQ==,RussianFacility51,8519,76561197987874528,116,33
11798,SWN5IFNweQ==,remians,58193,76561198012592368,302,78
11801,PUVja289Tm92YQ==,FatalFaith,13994,76561197987874528,138,37
11803,dmJvdWdoZW4=,death,22520,76561198046672864,240,82
11806,Q2h1cmNoeQ==,SliderBoss1,27554,76561198013069744,252,65
11807,PUVja289Tm92YQ==,BackTracking,16353,76561197987874528,104,29
11808,VGhhdFBpbmt5UGllR3V5,Options,7344,76561198031440576,35,14
11809,UGV0ZXRoZWdvYXQ=,GetStarted,15473,76561198004648112,263,77
11810,W3hdIEJ1bmd1,SimpleLasers1,4141,76561198035374400,41,12
11811,U3Rsa25nbmU=,1slider,6066,76561198014387760,93,29
11818,c2luYQ==,Verdamniss,7508,76561198072296784,150,45
11819,c2luYQ==,Startlevel,12544,76561198072296784,159,61
11820,TmFnaQ==,EscapeFromTheLab,35070,76561198078283840,3,1
11821,c2luYQ==,2Lichtspiel,15742,76561198072296784,82,24
11822,c2luYQ==,HorrorGame,7237,76561198072296784,260,115
11824,c2luYQ==,SAW3,5297,76561198072296784,232,71
11825,VW5jcmVhdGVkQW5nM2w=,EasyPeasy,6576,76561198030406448,400,134
11826,Q2FpdXM=,CaiusLvl01,63822,76561198005687232,189,55
11827,Q2FpdXM=,CaiusLvl02,27753,76561198005687232,111,28
11831,XjF8UzNHfEFnZW50IE5hcHBsZXxCLkIuSS58,Firstlevel,36947,76561198013020848,9,2
11832,Q2FpdXM=,Race,19694,76561198005687232,110,31
11833,U3Rsa25nbmU=,Zap,6699,76561198014387760,8,2
11834,U3Rsa25nbmU=,GreenColumns,7148,76561198014387760,23,8
11835,cm9ic29uNDQ=,starter,16228,76561198070977392,284,90
11836,Q2FpdXM=,Breakin,88570,76561198005687232,289,76
11837,VmxhZGlzbGF2,MetalGear,25387,76561197994699648,146,35
11838,VGhhdFBpbmt5UGllR3V5,Euphoria,16020,76561198031440576,349,99
11839,aGVhcnRsZXNzVGVzdGltb255,Vault001,30129,76561197994848288,105,32
11840,QmxhY2tMaWdodDc4,SwitchTutorial,27822,76561197971065232,337,94
11841,SmFjb2JXb09w,TheOldWays,6172,76561197999175856,229,76
11842,Q2Fi,Awakened,29080,76561198046861104,37,14
11843,ZjEzcnlzcDFyMXQ=,Untitled11,11916,76561197993301312,201,87
11844,U3Rsa25nbmU=,TestingChambers,12777,76561198014387760,160,41
11845,QnJlbmRhbg==,RunAround,24509,76561197992607424,233,66
11846,QnJlbmRhbg==,EasyThree,22814,76561197992607424,493,140
11848,QmFzb3N0,HelloVillage,3859,76561198040970608,248,96
11852,dC5hbHN3YWdlcg==,PrisonBreak,90009,76561198055506480,183,58
11853,U3Rsa25nbmU=,TwoPaths,11901,76561198014387760,127,40
11855,dC5hbHN3YWdlcg==,Easy,36490,76561198055506480,59,21
11856,TW9uc2lldXIgSnVqJw==,Skyfall,28715,76561197960512704,8,2
11857,VG9wU2htdXBz,BigMac1,9635,76561198026069728,185,55
11858,SGluZGVuYnVyZw==,DESCEND,15569,76561198028364240,234,66
11859,R3VhcmRpYW5zbGF5ZXI5OTk=,CoreWorks,6140,76561198072359184,71,25
11860,RnJlY2U=,FreceResidence,62141,76561198007600656,133,33
11861,c3Byc2Nscg==,PrisonBreak,67388,76561198057430144,64,21
11862,RHJhWnRpQw==,Firstone,5158,76561198033651712,243,68
11863,RHJhWnRpQw==,PiXeLPerfect,5986,76561198033651712,54,16
11864,RHJhWnRpQw==,Zones,9325,76561198033651712,127,33
11865,Z3V5,SimpleLevel,7169,76561198053363056,70,24
11866,SG9zZWt5,Descent,7366,76561197960532704,262,71
11867,SG9zZWt5,vsClone,8947,76561197960532704,49,13
11868,YW1hemluZyBwcm8gZ3V5IChtaWNoYWVsKQ==,lab,17200,76561198046672864,293,100
11869,RHJhWnRpQw==,TBA,9114,76561198033651712,9,2
11870,U3RleHJlZA==,Blerg,4195,76561198012557600,166,78
11871,U3RleHJlZA==,test0012,4199,76561198012557600,192,92
11872,SSdsbCBXZWFyIFRoaXMgTXVzdGFjaGUh,JeffTheBlock,7304,76561198047552224,235,76
11874,SmFzZWs=,TEST1,20879,76561198003162560,192,73
11875,bXJzdXBlcm5vYWg3Nzc=,outsideismaddness,14473,76561198059810992,172,59
11877,w0xlZ29ib3Nzww==,AfterApeture,9500,76561198014991856,229,65
11878,UHduU2Vla2Vy,Whysoserious,4042,76561198037735584,279,127
11879,QWNlS29ubm9y,FalseHope,36908,76561198047442544,208,82
11880,RHJhWnRpQw==,AnotherOne,15477,76561198033651712,143,37
11881,d2lsc29u,Untitled2,6239,76561198010211824,210,98
11882,w0xlZ29ib3Nzww==,AfterAperture2,9511,76561198014991856,217,62
11885,TWF0dHlEZXZpbA==,Level1,10258,76561197993657616,92,25
11886,W0FjTl1OZXh1c0phbg==,TestRoomOne,32517,76561198030523104,234,66
11887,VGhlIE1pZ2h0eSBBZGFt,PortalFun,16559,76561198042378560,8,2
11888,UnVqbw==,EdsTest01,4489,76561198017966080,27,10
11889,YXNobW9i,FirstMap,4677,76561197965224192,276,88
11892,R29kbGlrZSE=,2Memorize,37931,76561198063070048,141,63
11894,V2F0eg==,Watz01,16047,76561198032828000,168,47
11895,w0xlZ29ib3Nzww==,AfterAperture3,16105,76561198014991856,240,79
11896,Sm95bnRzdW4=,Ham,2249,76561197970999904,196,89
11897,Q2FtZXJvbmlvdXM=,Satisfaction,9883,76561198035749040,293,96
11898,R29kbGlrZSE=,Mansion,9124,76561198063070048,59,23
11899,R29kbGlrZSE=,Untitled11,9119,76561198063070048,295,78
11900,c2NrODAwMA==,BoxingDay,31144,76561198028946272,62,19
11902,fiBIRUFWRU4zMQ==,TEST1,20967,76561197961576944,211,93
11904,fiBIRUFWRU4zMQ==,Ham,2958,76561197961576944,199,76
11907,W0FjTl1OZXh1c0phbg==,TestRoomTwo,50461,76561198030523104,155,45
11908,QWNlQml0,Stage1,7844,76561197967153120,290,82
11909,SXJnZW5QYWNlcg==,1DerEinstieg,23080,76561197996153680,136,34
11911,SXJnZW5QYWNlcg==,2Erstschlag,44541,76561197996153680,109,28
11912,QWNlQml0,Breach,14618,76561197967153120,356,100
11913,SXJnZW5QYWNlcg==,3LeichtesSpiel,28982,76561197996153680,88,22
11914,TWV0emVsbWF4,Bridge,15020,76561198035182416,157,47
11915,Sm9zaA==,ForStarters,14544,76561198024309136,214,68
11917,W0RBR10gTUFIVFVNQkVLIFVSVFVNQkFFVg==,Reception,31571,76561197994707856,103,33
11918,KioqKio=,RemoteControl,13243,76561197960937232,187,63
11919,SWdub3JhbmNlIHRoZSBweXJvIChBS0EgVGNjcmlzdCk=,SafeToDieNow,29696,76561198041362848,9,2
11920,SGFtbWVyZmFu,Simple1,23226,76561197996320928,247,91
11921,TGV0aGFsaXR5IFNsaXA=,Qflex,7795,76561198059980224,95,27
11922,KioqKio=,Hackathon,23805,76561197960937232,305,80
11926,SXJnZW5QYWNlcg==,4meetJPond,24901,76561197996153680,180,49
11928,cmdob21lcg==,OperationSix,25994,76561198037335840,85,23
11932,cGFkaGFsdXI=,2Memorize,42326,76561198049733840,13,4
11933,KioqKio=,2Memorize,38560,76561197960937232,30,9
11934,KioqKio=,SomethingSomething,24366,76561197960937232,164,45
11936,TWV0emVsbWF4,FirstSteps,42934,76561198035182416,269,78
11940,TWV0emVsbWF4,LABYRINTH,17278,76561198035182416,24,9
11941,SXJnZW5QYWNlcg==,5JamesPondAndYou,109276,76561197996153680,108,27
11942,UzNQdWtrVQ==,SafeToDieNow,25733,76561197971844528,27,8
11943,RGFyayBIdW1vdXI=,TrialandError,20785,76561197977271616,73,18
11944,WkRXYXJpbw==,Treetops,46549,76561198028060864,14,4
11948,TWV0emVsbWF4,InTheOpen,11612,76561198035182416,155,44
11949,VGhpbmd5,SimpleBoogie,11034,76561197978309280,134,38
11950,SmF3cw==,Indie,13085,76561198049076640,66,20
11951,SGVucnk=,50seconds,33412,76561198018965760,123,33
11953,WmVuaXRoRw==,Secrets,15345,76561198031452992,55,16
11954,RGFyayBIdW1vdXI=,moreTrialandError,21597,76561197977271616,3,1
11955,SGVucnk=,TipTapDancing,24346,76561198018965760,11,4
11956,WmVuaXRoRw==,SoClose,6593,76561198031452992,63,19
11957,QW4gQWN0dWFsIEJlYXI=,ForwardandBack,22118,76561198040632640,28,7
11958,WkRXYXJpbw==,Infiltratorz,167084,76561198028060864,111,29
11959,RGFyayBIdW1vdXI=,third1,28185,76561197977271616,13,4
11960,WmVuaXRoRw==,SwitchTime,14269,76561198031452992,69,18
11963,4MrK4CBTbGFhbmVzaA==,Hydra,34427,76561197987128336,37,10
11964,S3JhZnRmYWhyZXI=,Easytest1,7008,76561197984598064,140,36
11965,dHJhdmlzYnVybnM=,YouCanDoIt,26865,76561198055185184,27,9
11966,KioqKio=,FreshAir,83431,76561197960937232,317,81
11967,TWFydGluaTM0Nw==,easiestlevelever1,10165,76561198070608896,354,149
11968,w8PDwyBTbGFhbmVzaA==,Testbed,22226,76561197987128336,112,33
11969,S3JhZnRmYWhyZXI=,SEEKERTEST,8239,76561197984598064,0,0
11970,Sm9va29v,HelpingHand,18662,76561198028629552,522,152
11971,Sm9va29v,HelpViceVersa,12177,76561198028629552,403,121
11972,VG9yY2htYXN0ZXI=,Puzzle001,8199,76561197960795312,669,183
11973,c2Nod2VtMDA=,TimedJump,13522,76561198042321920,66,19
11974,Lmwu,GoGoGo,10875,76561198037410048,263,82
11975,ZGllZ28uZmxvb3I=,StealTheAndroid,51805,76561198040295424,199,48
11976,KioqKio=,FlashingLights,32622,76561197960937232,589,162
11977,VXNoaW8gT2themFraQ==,BasicTesting,6258,76561198047552224,49,18
11978,RXZlY2VuZQ==,SimpleSight,25899,76561198029372464,169,43
11980,VXNoaW8gT2themFraQ==,SystemBreach,15777,76561198047552224,26,8
11982,Xjg8RUs)XjIgaGVybWFuSm5yLg==,GrindingGrounds,16044,76561197970440832,268,76
11984,RHIuIE1lbG9u,Carelessness,16497,76561197986834672,407,129
11985,QmFidXV1dQ==,simplelevel,24946,76561198003234336,250,84
11986,ZGllZ3p1bWlsbG8=,detonatethecoreDELUX,89244,76561198040295424,14,5
11987,YWxsIGlzIGZ1bGwgb2YgdHViYnM=,EatMe,2250,76561197981047936,302,127
11988,Z3JhbnR6b3JnMTIz,Jumpotron3000,58973,76561198085465744,30,12
11989,QkFEIDE=,ShortShrort,4571,76561197998617328,285,119
11990,VGhlIFJpcHBlciB7UGFuZGF9,Deathly,2941,76561197966288992,0,0
11995,VHJpbng=,DangerZone,3701,76561201634123344,116,39
11996,U3Rsa25nbmU=,TeleporterTest,4970,76561198014387760,142,41
11998,QWxrb3R0ZXI=,Untitled6,2717,76561198036868448,182,77
11999,LjpEV0cuTGF0YWpjeV9NdWNob21vcjou,KlonyPL,31333,76561198035407904,177,55
12000,ZGllZ3p1bWlsbG8=,TheresAnEasyWay,29994,76561198040295424,91,30
12001,U3Rsa25nbmU=,ColorCoded,3988,76561198014387760,115,34
12002,U3Rsa25nbmU=,MoveBlocks,4249,76561198014387760,130,39
12003,QUJD,ABC,6977,76561198012131696,131,43
12004,U3Rsa25nbmU=,5sliders,3483,76561198014387760,37,10
12008,T2xlZ28x,Repair,31274,76561198067014208,36,9
12011,T2xlZ28x,GiantFactory,57036,76561198067014208,20,6
12012,T2xlZ28x,FutureBase,54243,76561198067014208,82,19
12014,T2xlZ28x,FourSteps,29286,76561198067014208,28,7
12015,QnJhaW5pbmF0b3I=,ColorCoded,4065,76561197961840000,102,28
12016,U3Rsa25nbmU=,OneSliderRedux,12879,76561198014387760,26,6
12017,VmlydXNQaXhlbA==,Multy,6764,76561198073935264,293,95
12018,Xjg8RUs)XjIgaGVybWFuSm5yLg==,RunningShoes,36844,76561197970440832,209,53
12019,U3VwZXJMdWlnaUJyb3M=,HeadsUp,25608,76561197993652896,87,26
12020,U3VwZXJMdWlnaUJyb3M=,SensoryOverload,19441,76561197993652896,55,15
12021,U3VwZXJMdWlnaUJyb3M=,CloseQuarters,50786,76561197993652896,251,69
12022,LjpEV0cuTGF0YWsFY3lfTXVjaG9tb3I6Lg==,RescueConcept,18931,76561198035407904,43,12
12024,S2l6enljb2NvYQ==,KCtestESC01,22666,76561198004564176,221,60
12026,YmFyYm91cmFq,SwiftFeet,6578,76561198078853920,43,15
12030,aW5mZXJub182NTQ=,FirstTry,11686,76561198007300848,358,121
12031,ZGllZ3p1bWlsbG8=,000AdeptusGate,17426,76561198040295424,101,29
12034,fiBIRUFWRU4zMQ==,DeleteThis,10532,76561197961576944,243,94
12035,RnJhZ2dsZSAoR2VyKQ==,DeadlyTimes,29672,76561197970346624,516,135
12037,T2xlZ28x,AIChambers,19262,76561198067014208,25,8
12038,ZGllZ3p1bWlsbG8=,longjump,43740,76561198040295424,54,14
12039,Xjg8RUs)XjIgaGVybWFuSm5yLg==,FriendsStickTogether,38482,76561197970440832,548,126
12040,RnJhZ2dsZSAoR2VyKQ==,FirstTest,16461,76561197970346624,302,85
12041,QmFzaGFidXR0b24=,PTI0Test01,28116,76561198081214560,53,13
12044,RnJhZ2dsZSAoR2VyKQ==,Trapland,20703,76561197970346624,265,70
12045,T2xlZ28x,SilentComplex,24533,76561198067014208,74,23
12046,RnJhZ2dsZSAoR2VyKQ==,Facility,36269,76561197970346624,221,56
12047,fiBIRUFWRU4zMQ==,FirstTry,12144,76561197961576944,229,80
12048,fiBIRUFWRU4zMQ==,Deathly,3632,76561197961576944,152,62
12050,fiBIRUFWRU4zMQ==,Multy,6990,76561197961576944,33,11
12053,TElBTS5NQVJTSC5IT01F,SilentComplex,24513,76561198090452992,93,24
12054,RnJhZ2dsZSAoR2VyKQ==,TheChambers,32923,76561197970346624,849,193
12055,THVja3kgRWxrYWE=,Airlock7,16803,76561198009184272,414,99
12056,fiBIRUFWRU4zMQ==,Yeah,14218,76561197961576944,229,61
12057,fiBIRUFWRU4zMQ==,Impossiblelevel,10280,76561197961576944,0,0
12058,QWNyb3Nz,My1stlevel,12119,76561198000681936,30,8
12059,QWNyb3Nz,aNEWTRY,12113,76561198000681936,47,12
12060,RnJhZ2dsZSAoR2VyKQ==,DeadlyTransport,23483,76561197970346624,236,61
12061,VmxhZGltaXJBOTQ=,VladimirsPlace01,59261,76561201386001568,23,7
12062,TElBTS5NQVJTSC5IT01F,VladimirsPlace01,59302,76561198090452992,229,68
12063,Sm9objJz,Level1,11386,76561200246479360,296,104
12064,Sm9objJz,Level2,18219,76561200246479360,273,84
12065,Sm9objJz,Level3,28242,76561200246479360,280,83
12066,c2hhZG93YWNl,Silent,4935,1777,302,93
12076,R2VhcmRhbg==,First,2326,21737,447,164
12077,RGlub3Bvbnk=,RoxxorTest,4643,3467,296,110
12078,KEIgfCBUKSBCbGFzdHpvbmU=,ScareFactor,8112,76561197984018176,607,164
12079,RGl6enlFZXZlZQ==,achiehunterr,6028,76561198050912800,0,0
12080,,Morals,67403,76561197984018176,0,0
12081,Z29kb2Ztb29nbGVz,TestLevel,5526,42502,0,0
12082,,walk,4640,76561197996505136,0,0
12083,,First,7931,76561198058230784,0,0
12084,,MyFirstSimpleTest,12160,76561198080736112,0,0
12085,YWxleCB0ZWggZXBpYw==,MoreThanMeetsTheEye,14949,36266,413,126
12086,QWxjb3Jz,Bloody,6657,76561198058230784,339,112
12087,Z2FheF9ydXM=,SomeTest,5395,48407,177,80
12088,Qm9zc3lCb3k=,Uwotm8,11930,76561197982606800,189,93
12089,RGFSYWJpZER1Y2tpZQ==,Sucks,3602,76561197960458320,204,88
12090,KEIgfCBUKSBCbGFzdHpvbmU=,Infiltration,18221,34569,489,124
12091,Qm9iNjg=,Bob68JustforTest,6683,22661,41,13
12092,VHJhaW5Ecml2aW5nMTAx,EasyParkourLevel,4242,26877,393,105
12093,Q1JpTWlOQUw=,IntensePresRework001,41570,35173,151,52
12094,QWxjb3Jz,Bloody2,11793,76561198058230784,190,67
12098,QXR0YWNrIEZlcnJldCBbTGV0aF0=,Test,16300,76561197993207280,184,57
12099,WmVubmk=,Museum2,27570,76561198070910480,318,104
12100,RGplZGplZTc=,DjedjeeLevel1,11293,76561198076837328,240,61
12105,R3JlbmRpbA==,DK1,2952,47545,71,21
12106,WmVubmk=,Stelth,12539,76561198070910480,48,15
12108,c3RvbmU1YWdhaW5zdDE=,UndergroundPrison,4712,41581,425,137
12109,QmFuZTEx,LazorTest,2156,56502,156,58
12111,fw==,NOJUMPINGHGH,1922,76561198007074896,285,126
12112,Qm9iNjg=,BobRun1,7135,76561197970565440,166,48
12113,SHVtZmVyZA==,NightmareMode,5935,76561197975464560,327,127
12117,QWxjb3Jz,Bloody,6529,45528,241,80
12118,ZXh0ZW56,AreYouScared,13515,89007,349,116
12120,KEIgfCBUKSBCbGFzdHpvbmU=,SymmetricDemise,15043,34569,160,45
12123,KEIgfCBUKSBCbGFzdHpvbmU=,QuestionableMorals,67904,34569,273,73
12124,VGhldGFOb3Jk,SoClose,21070,76561198029281872,216,58
12125,VGhldGFOb3Jk,Detour,21070,76561198029281872,412,107
12126,VGhldGFOb3Jk,FourCorners,19939,96675,907,211
12127,TmZpa2Y=,1stLevelHard,4028,98152,94,27
12128,QnJ6b3pp,Sucks,3619,76960,177,75
12129,TmZpa2Y=,Light,3114,98152,139,42
12130,TmZpa2Y=,Level3,6343,98152,166,49
12131,TGFyc2VuWkVSTw==,Test,5560,29873,193,78
12132,ZXh0ZW56,SpeedRun,9845,89007,509,135
12134,ZXh0ZW56,Easy,3673,89007,467,134
12136,U2xpZ2h0RXll,Sliderific,32423,61054,60,14
12137,amVyZWNpdGVl,A05,7626,39199,231,60
12139,TmZpa2Y=,Dark,4739,98152,76,25
12140,UGF0cmljaw==,StayLow,14493,107101,353,124
12141,U3RlbHRoQmFzdGFyZA==,DeathRange1,4785,94510,0,0
12142,amVyZWNpdGVl,A04,28949,39199,101,25
12143,VGhldGFOb3Jk,RunawaysPart1,32881,96675,277,75
12144,c3RvbmU1YWdhaW5zdDE=,MarioBros,14019,41581,269,68
12145,U2lsZW50QXZlbmdlcg==,FreeWin,19864,76561198048043584,198,87
12147,c3RvbmU1YWdhaW5zdDE=,CloneControlRoom,13033,41581,1572,334
12148,R0FZIEFSQ0hFUg==,RobotsOnCaffeine,27663,35567,79,19
12149,U3RlbHRoQmFzdGFyZA==,DownHell,10730,94510,89,29
12150,U3RlbHRoQmFzdGFyZA==,HacksHacksHacks,3065,94510,179,70
12151,VGhldGFOb3Jk,CloneControlRoom,13148,96675,259,60
12152,QmlnTWFjQ29tYm8=,Level,41135,34627,210,83
12153,QWxjb3Jz,TrainingChamber,19705,45528,93,31
12154,QklHQmVu,Unconventional,149043,25329,0,0
12155,TG9uR25vbWU=,Untitled1,3276,96826,343,138
12156,U2Fja2JveTEyNDU=,besuperpart1,16299,105928,212,65
12157,U3RlbHRoQmFzdGFyZA==,OpenCloseGushAndPose,4804,94510,223,67
12158,KEIgfCBUKSBCbGFzdHpvbmU=,MapOnAWhim,8892,34569,809,216
12159,RWxsaXMgRnJlZW1hbg==,Untit,2661,76561198011608336,282,115
12160,RmlyZWludGhlbG9s,Impossible,1828,119744,253,112
12161,fiBIRUFWRU4zMQ==,Impossible,2318,767,10,3
12162,cHVub3NtZWNh,Achievment,15844,126555,341,127
12164,VGltaWxvbg==,deletethis,2943,122706,69,23
12165,U3RlbHRoQmFzdGFyZA==,united,19412,94510,72,24
12167,c2Fja2JveTEyNDU=,NEXTroom,11318,105928,105,31
12169,c2Fja2JveTEyNDU=,likerobotme,11731,105928,83,27
12170,U3RlbHRoQmFzdGFyZA==,Sideswiper,3442,94510,112,37
12171,amVyZWNpdGVl,A06,8103,39199,114,36
12172,Um9ibHkxOA==,Attempts,20957,123559,480,133
12173,U3RlbHRoQmFzdGFyZA==,WhatchYourStep,4382,94510,118,40
12174,U3RlbHRoQmFzdGFyZA==,DeathRange2,4152,94510,87,29
12175,S2l0ZWI=,title,37327,125479,125,47
12177,QXRvaG1v,test,2875,131984,114,40
12178,RXZvcm86IFJlY2tvbmluZw==,Diabolical,5837,76561198047232240,160,49
12180,RXZvcm86IFJlY2tvbmluZw==,Diabolical,5837,137795,155,48
12181,TGlyeWM=,TEST,4529,76413,247,107
12182,Wm9tYmllX0R3YXJm,Omnipotent,5549,120665,324,90
12183,Um9ibHkxOA==,Progress,19063,123559,836,226
12185,c2Vvbnlsbg==,deathintheair,20203,132218,16,6
12187,QWtp,test01,5567,76561197985269536,322,131
12188,U3RlbHRoQmFzdGFyZA==,DaddyWorkInProgress,8976,94510,16,5
12189,bGlheA==,lix3,34597,76561198090452992,63,16
12192,QkxJU1NQ,TEST001,20015,144742,17,6
12193,U3RlbHRoQmFzdGFyZA==,LearnToGetBadGuys,13971,94510,53,18
12194,fiBIRUFWRU4zMQ==,Whyyyyyy,8790,767,3,1
12195,QXJ0aW1lcg==,Firsttry,107866,124017,191,59
12198,c2Fja2JveTEyNDU=,Wuntinsa,11691,105928,304,101
12201,U2Fja2luZw==,Skyofmagic,7720,154343,373,122
12202,TXJaZXJ1ZWw=,UnexpectedAllies,44018,66295,84,23
12203,U1dFQVRFUk1BTg==,ShadowCasters,10106,148664,92,26
12205,TDR0aGFuRA==,Runaway,8817,134257,242,72
12206,VXJpc3Rxd2VydHk=,UntitledLevel,33888,24188,43,11
12208,Q2lyY2xlemVyTw==,achietest,7597,114638,186,74
12209,Q2lyY2xlemVyTw==,achietestMIx,7641,114638,226,91
12210,Y2hhem1haWwxODc=,Chamber01,12576,176962,233,76
12211,Y2hhem1haWwxODc=,Chamber02,6680,176962,46,11
12212,ZXNjaGVy,TestFall,33733,112755,254,106
12213,WmxpUHN0ZVI=,TEST,1717,15943,172,70
12214,TElBTS5NQVJTSC5IT01F,Firstlevel,36891,76561198090452992,178,49
12215,TElBTS5NQVJTSC5IT01F,Tryhard,18166,18717,87,25
12217,amVyZWNpdGVl,B01,6707,39199,63,17
12221,QmxJU1NQ,TEST002,20988,144742,45,12
12222,U2NoZWxtVHVjaA==,Boss,13974,18387,213,58
12224,U2NoZWxtVHVjaA==,IndianaClone,14001,18387,192,59
12226,U2Fja2JveTEyNDU=,BOSSROBOT,30980,105928,206,65
12228,QXJ0aW1lcg==,Secondtry,21715,124017,79,24
12229,SGlUaGVyZQ==,Reality,11685,187988,3,1
12231,SGlUaGVyZQ==,Level10,5968,187988,276,82
12233,QnphaWxhZQ==,Letsdown,5423,193771,184,52
12235,QnphaWxhZQ==,Mineandrobotboss,4267,193771,285,103
12236,aHV4bnk=,xuxLv01,33905,7809,18,6
12237,aHV4bnk=,xuxLv01,33945,76561198059450528,18,6
12238,aHV4bnk=,xux,33937,7809,92,23
12239,aGl0aGVyZQ==,achietestMIx,8025,187988,178,59
12240,UGlldCBGcmlldA==,Huh,6256,196710,288,119
12242,aGl0aGVyZQ==,The3Bosses,5860,187988,155,48
12244,SmVrIFRvbm8gUG9ya2lucw==,Door,2985,167386,261,110
12245,Q2FwdGFpbiBBbWVyaWNh,DopestShit,2407,162435,222,91
12246,YnJhaGU=,IgnorancePart1,76424,131328,10,3
12247,YnJhaGU=,IgnorancePart2,84547,131328,43,11
12249,Sm9zaA==,ForStarters,14547,11684,175,55
12250,U2h5YnVsbCc=,JumpUJed,37074,21460,61,17
12251,T3dpZWN6a2EgRG9sbHkgdjIuMQ==,achiev,7653,196891,311,134
12252,Tml0cm9CQQ==,Terminal0,8010,76561198047891424,303,99
12253,Q2FwdGFpbiBBbWVyaWNh,ZeBeautifulTwenty1,2470,76561197961446400,249,108
12254,Q2FwdGFpbiBBbWVyaWNh,ZeBeautifulTwenty2,4188,76561197961446400,255,109
12255,Q2FwdGFpbiBBbWVyaWNh,ZeBeautifulTwenty3,5455,162435,363,154
12261,U2h5Rm94,Quick,15148,201431,33,8
12262,TElBTS5NQVJTSC5IT01F,LongestJUMPever,2333,18717,18,7
12263,TWF5YmVQaXJhdGU=,LasersAndSuch,1815,202469,382,131
12264,SG9uZXlCb3k=,UntG,30781,76561198070985552,263,103
12265,Qm9iNjg=,Bob68Level2Final,11166,22661,98,28
12266,WXV0cmV6YQ==,Untitle,5599,77329,178,76
12267,R29ua3M=,EasyRun,4089,188300,174,52
12268,VHRyRHNz,TheSeekers,7109,198376,0,0
12269,QXVyZXhfXw==,AREA52,27863,76561198073192224,209,66
12270,TElBTS5NQVJTSC5IT01F,BOSSROBOT,31000,76561198090452992,281,92
12271,VHRyRHNz,TheClone,16635,198376,155,50
12272,VHRyRHNz,TheRoBoss4,38545,198376,310,117
12273,bW9ycnk1NzcgW1RlcnJhcmlhJ3MgdGhlIGJlc3QhXQ==,Level2,57387,76561198055113104,49,13
12274,QXVyZXhfXw==,AREA53,40446,76561198073192224,82,23
12275,VHRyRHNz,TheImpossible,11005,198376,6,2
12276,R2Fzb2w=,BOX,26978,200724,0,0
12277,c2hlbmc=,Untitledddd,12347,211244,215,93
12279,bW9ycnk1Nzc=,Level2,61118,212464,66,18
12280,QmlnTg==,Underworks,27041,211511,534,144
12281,R2Fzb2w=,THEBOX,27268,200724,59,15
12283,cmV2aWx3b25n,StupidTest,3192,61739,276,123
12285,U2xpY2tNY1J1bkZhc3Q=,SL0,4591,76561197964156448,179,55
12286,SG9uZXlCb3k=,Untitledsa,38068,76561198070985552,233,96
12288,YnphaWxhZQ==,MINIGAME,4871,193771,389,137
12289,aGl0aGVyZQ==,ShadowShaft,7309,187988,186,56
12290,Qm9iNjg=,TheWayOfSpeed,2495,22661,330,130
12291,eW91dHViZQ==,Boss,10076,210499,48,15
12292,eW91dHViZQ==,sunriseSunset,12830,210499,19,6
12293,Tm9rc3U=,Test,35076,93968,176,59
12296,TGVvIENhcnZhbGhv,Test001,6258,43916,310,110
12297,bUZveFJV,PortalMadness,17466,217774,45,13
12298,Qm9iNjg=,PixelJump,5884,22661,223,67
12299,VFJPR1dPRw==,test42301,4811,207149,176,53
12300,SGVhcnRCbGFkZTg4,HatredType00e,34240,218770,184,56
12301,TElBTS5NQVJTSC5IT01F,TheSeekers,7075,76561198090452992,0,0
12302,TElBTS5NQVJTSC5IT01F,PortalFun,16812,76561198090452992,23,7
12303,TElBTS5NQVJTSC5IT01F,towerofterror,23467,76561198090452992,45,13
12304,b25lX2RlY2ltYWxfcGxhY2U=,PortalRun,42009,21826,920,204
12305,U2NoZWxtVHVjaA==,PaTroller,15428,76561198064560352,279,83
12306,R2Fzb2w=,Jump,21033,200724,42,11
12307,TXIuUm9Cb1Q=,RobotsFactory01,54969,14144,250,66
12308,TXIuUm9Cb1Q=,RobotsFactory02,25990,14144,111,32
12309,TXIuUm9Cb1Q=,RobotsFactory03,42142,14144,0,0
12310,U2NoZWxtVHVjaA==,The2Porters,30967,18387,77,21
12311,U2NoZWxtVHVjaA==,level1,8055,18387,236,74
12313,Sm9objJz,UpandDownandUP,9697,76561200523950400,50,14
12314,ZHNjb3R0d2lsc29u,HardcoreParkourSBD,33718,76561198055980560,304,90
12315,TElBTS5NQVJTSC5IT01F,RunawaysPart1,32872,76561198090452992,87,23
12318,ZHNjb3R0d2lsc29u,HardcoreParkourSBD,33431,32868,288,85
12319,YnV0dGZhY2U=,PortalCombat,59532,225928,69,19
12325,QXBwbGVCb3k=,019K,7033,226000,703,227
12331,QXBwbGVCb3k=,AbandondedFactory,17057,226000,0,0
12332,ZWxtdWVydGU=,test,2256,215234,301,114
12333,eW91cmF3ZXNvbWU=,Quick,14723,228200,19,5
12334,TXIuUm9Cb1Q=,Forgotten,118335,14144,281,73
12335,Qm9iNjg=,RobotSecurityRoom,14245,22661,260,66
12336,eW91c3Vjaw==,JailBreakout,12187,229163,208,58
12337,THVja3l3b2xmeQ==,Toby1,5739,230168,0,0
12338,U2tlcHNpcw==,Mockery,6339,224407,143,38
12339,dnJvb20=,RUN1,11748,230830,155,40
12340,dnJvb20=,PortalPuzzle,22448,230830,347,109
12341,ZG9vZG9v,LightCameraAction,15857,232450,44,13
12343,U2tlcHNpcw==,DontPissHimOff,26824,76561198016054128,444,143
12344,U3RlYWx0aEJhc3RhcmQ=,BuzzsawBanaza,33611,233182,86,22
12348,U2tlcHNpcw==,MockeryExtended,30588,224407,64,15
12349,Y2hhcmxpZTYz,AbandondedFactory,17321,49,0,0
12350,Qm9iNjg=,Bob68Hardcore1,14240,22661,121,32
12351,VGJveV9EYXJrIFtJVEFd,Megadeath,7155,235600,307,89
12352,Qm9iNjg=,PixelJumpDEBUG,5977,22661,262,78
12354,RmFydEtub2NrZXI=,ZX1,20556,237573,15,4
12355,YmV2ZXJjYXQ=,RunawaysPart1,32832,76561198045424432,86,23
12356,U2NoZWxtVHVjaA==,ChamberInDaSun,14599,18387,200,52
12358,U2NoZWxtVHVjaA==,Cloneprison,18328,76561198064560352,371,100
12360,U2NoZWxtVHVjaA==,Aloneinthedark,11858,18387,590,151
12361,b25lX2RlY2ltYWxfcGxhY2U=,Confusing,31556,21826,94,23
12362,U2NoZWxtVHVjaA==,ControlCentre,35110,18387,140,38
12365,Q29tcmFkZSBTdC4gTmlrb2xhaQ==,Roundabout,28949,239534,31,8
12366,RGVtaXRyZW91cw==,Test1,3728,76561197992335072,308,124
12367,RGVtaXRyZW91cw==,Test001,6186,76561197992335072,263,98
12368,RGVtaXRyZW91cw==,Confusing,30721,76561197992335072,49,14
12369,TWFya3VzYXc=,RANDOM1,47424,5900,222,60
12371,Um9nZXIgRGFuaWVscw==,Rush,28066,235913,137,38
12373,TElBTS5NQVJTSC5IT01F,liax1,22138,18717,83,20
12374,Um9nZXIgRGFuaWVscw==,Megadeath,10300,235913,134,38
12375,YmxhbWJp,JustSimple,11242,200400,402,137
12376,amFmZmFjYWtlZnVu,speed,8257,248775,376,112
12377,c3RyYW5nZW5vaXNl,Itsnothing,2588,76561198043141504,0,0
12378,VHdpZw==,ahahah,8857,247892,253,104
12379,UHNZY0hvIFtQTF0=,Easy,8823,251164,410,123
12380,UHNZY0hvIFtQTF0=,Buzzsaw,25796,251164,102,32
12381,UHNZY0hvIFtQTF0=,Buzzsaw,25788,76561198017904688,102,32
12384,U2tlcHNpcw==,UpInTheAir,37798,76561198016054128,167,40
12385,V2hlYXRsZXk=,SAW01,3133,252506,150,46
12386,V2hlYXRsZXk=,ClonesLevel01,10710,252506,3,1
12387,V2hlYXRsZXk=,ClonsLevel02,8579,252506,178,56
12389,V2hlYXRsZXk=,Level02,4947,252506,141,47
12390,V2hlYXRsZXk=,RobotFatry,6093,252506,128,41
12391,V2hlYXRsZXk=,RobotHome,6584,252506,186,59
12392,V2hlYXRsZXk=,TheOldTimesLevel01,10107,252506,205,65
12393,V2hlYXRsZXk=,SensoryOverload,19430,252506,101,27
12394,V2hlYXRsZXk=,SensitiveMuch,37594,252506,165,51
12395,V2hlYXRsZXk=,RobotsLevel01,11423,252506,206,68
12396,V2hlYXRsZXk=,Secter7Level5,3731,252506,187,63
12397,V2hlYXRsZXk=,RobotsLevel02,11676,76561198042798192,165,59
12398,QW5raXNldGg=,Untitledadad,1380,76561198017073808,0,0
12399,QW5raXNldGg=,Untitledggg,1766,76561198017073808,0,0
12400,QW5raXNldGg=,Untitled123,2532,76561198017073808,192,75
12401,QW5raXNldGg=,ankstestlevel,1943,76561198017073808,221,92
12402,QW5ub3Ro,LittleEvilRoom,4399,253921,153,45
12403,S29qaSBzYW1h,Colorfullpuzzle,29908,76561198079499232,136,35
12404,V2hlYXRsZXk=,RobotLevel4,7317,252506,209,71
12405,S29qaSBzYW1h,Robofrustration,10198,239813,162,50
12406,TmlnaHQ=,Imposssiibbrruuu,9393,76561198029418080,234,94
12407,S2lsaW1hbmphcm8=,Whywouldyoucomehere,34839,13455,128,40
12408,S2lsaW1hbmphcm8=,ClonesLevel01,10805,13455,285,89
12409,V2hlYXRsZXk=,Secter8Level10,7203,252506,170,58
12410,V2hlYXRsZXk=,RedCarpet,36110,252506,237,66
12411,U2NoZWxtVHVjaA==,Reactor,27173,76561198064560352,252,70
12414,V2hlYXRsZXk=,SAWSecter2Level01,6601,252506,144,44
12415,U29rbGF5,Test,8717,13193,108,33
12416,V2hlYXRsZXk=,Level01,6458,252506,99,33
12417,R3JlZW4gT25pb24=,Exhibitionism,39378,253240,105,27
12418,U2NoZWxtVHVjaA==,LetsPlay,20174,76561198064560352,84,26
12419,TWVoZGk=,Impossible,15537,253396,44,11
12420,dGVlZ3Vz,test,11862,76561197966427552,240,89
12421,RnJlaWdodGVy,Fishermansam,10207,255248,60,17
12422,U2NoZWxtVHVjaA==,SliderPuzzle,17940,76561198064560352,268,68
12424,bWFudWVsaWZlbm8=,Apocalipsis,37605,256759,106,28
12425,U2NoZWxtVHVjaA==,SliderPuzzle,18003,18387,255,64
12426,U2NoZWxtVHVjaA==,Level000,26271,18387,254,70
12427,V2hlYXRsZXk=,MinGame,4264,252506,239,75
12428,ZGogQ2xhbQ==,ScanSector,20373,258214,43,12
12429,V2hlYXRsZXk=,Apocalipsis,37565,252506,172,42
12430,V2hlYXRsZXk=,lEVEL000,7917,252506,393,145
12431,V2hlYXRsZXk=,Level01,5772,76561198042798192,9,3
12432,U2luZ2xlIFBvaW50IG9mIEZhaWx1cmU=,Test010AX1,6950,76561198020051376,382,135
12433,aWNlY2hpbGQ=,barkey1988,8250,76561197994356192,327,154
12434,V2hlYXRsZXk=,SAW,7566,252506,594,230
12436,bW9lbW0=,RushModeOn,4012,76561198065288448,62,15
12437,RGhyYWdlbg==,Testing,5053,76561198025394976,436,185
12438,U2lyIEhhbnNhbG90,PortalOrdeal,14352,76561198038358624,76,20
12439,THQuS251Y2tz,JailBreak,5527,76561198070209872,411,139
12440,WU9MTyBbQlJPTlld,SmartASS,10061,76561198035407904,335,87
12441,Y3VybHlhbHBhY2E=,Mistakes,3203,76561198073443600,295,80
12443,TWFjelVQ,TestChamber,26261,76561198067119152,14,4
12451,T3NjaHR6LlJhaW5lciBbM3RlIFBHRF0=,MovingAction,115973,76561198007074752,97,30
12452,WU9MTyBbQlJPTlld,Sektor666,16869,76561198035407904,330,88
12454,fiBIRUFWRU4zMQ==,Level01,7845,76561197961576944,406,114
12455,ZGVidWdtYW4xOA==,RatRace,5195,76561198004849056,202,63
12456,V2hlYXRsZXk=,BOLLshit,4857,76561198042798192,272,86
12457,R2VmNTA5,Thebuzzsaw,10128,76561198071445424,448,122
12458,bmljay5leGU=,test,10021,76561198077423568,282,117
12460,TERN,LuKe,3686,76561198029733904,299,123
12461,ZHJ1aQ==,adsf,6989,76561197980146032,248,108
12462,TWFzdGVyIFg=,Achievement,37223,76561197992000912,416,157
12463,S2VubmVs,testi,7109,76561197993533760,282,113
12464,S2luZyBYZXJ4ZXM=,CatchaRide,6953,76561198069715488,389,106
12466,S2luZyBYZXJ4ZXM=,VaultHunter,42976,76561198069715488,53,14
12468,R2Vhcg==,Untitled1,27547,76561198034586576,300,116
12469,Z2FydmFyZw==,Untitled12,14782,76561197995511488,351,144
12471,TnVhdG9y,Untitled33,13110,76561198001534608,260,99
12472,RHVjdG9z,Untitled33,13212,76561198014507808,275,114
12474,YXNoZWNpdGlzbQ==,basictest,2145,76561198059193952,268,112
12475,S3ZhYWw=,dontplaythisty,1916,76561197960776800,273,116
12476,Vm9jb25hdGhlbSBSZXF1aXZlbnQ=,TestLevel,24915,133188,266,107
12477,YWxleHZncmV5,Achivementmap,3688,76561198045957552,430,170
12478,YWNl,blah,2507,76561198076919984,282,114
12481,cnV5b2s=,JustTest,7191,76561198069956704,235,98
12482,QWxDYXVjZQ==,Untitled465445,17921,76561198049099328,285,118
12483,SGVsbHdlZWQ=,learningbyjumping,19533,76561197998582192,436,173
12484,VXZhdGFy,Learning1,23108,76561198035236880,223,93
12487,bmV0cmFz,NotSoStraightPath,5417,76561198037458688,455,113
12489,TXJEQg==,HiddenPaths,3658,76561198051636928,474,145
12490,U2FrYXJhbWlpbmE=,Reflux,9715,76561198036391120,169,46
12491,U29kYTUx,HelloWorld,15330,76561198025171392,63,18
12494,PUVHQz0gJ1J1c2gn,AchievementMap,1526,76561198003384432,380,141
12495,UnVkb2xwaA==,Testing,21521,76561198064229424,271,107
12496,RGVlenlfWA==,Teste123123123,3832,76561198054504816,351,146
12497,V01XV01NV1dXTU1NV1dXV01NTU1XV1dXV01NTU1NWFg=,Confusing,31580,76561197972441840,148,35
12498,TWljaGFsb3N4Q1o=,MicTestAchievement,17693,76561197980318144,601,228
12499,TWFyZXRoeXU=,First,2108,76561198019716256,419,153
12500,ZXRoYW40MDgx,Rookie101,4292,76561198030662160,400,130
12501,UkgnIE5CbGFzdA==,ServerRoom,4532,76561197994904384,405,171
12502,RyBQaW1waW4=,Multiplex,35812,76561198039987040,215,63
12503,ZXRoYW40MDgx,SlidersFTW,6784,76561198030662160,427,133
12504,ZXRoYW40MDgx,EasyasChips,5498,76561198030662160,371,108
12505,amF3b3JlcQ==,jaworFirst,17149,76561198028191040,198,72
12506,dGhwc3ljaG8=,0005,12655,76561197986689376,747,218
12507,dGhwc3ljaG8=,131127,15070,76561197986689376,320,96
12509,Rmxhc2h)U3RlcA==,testie,1635,76561198037529856,299,123
12512,dGhwc3ljaG8=,131128,16630,76561197986689376,444,151
12513,TlVVVU4=,IntensePresRework001,41566,282446,397,131
12514,Sm9uSkh1bnRlcg==,Test,18845,76561198007453168,118,45
12515,U2NoZWxtVHVjaA==,c111,17983,76561198064560352,411,109
12516,dGhwc3ljaG8=,131130,9204,76561197986689376,568,165
12517,U2NoZWxtVHVjaA==,TheBigB,16788,76561198064560352,87,20
12522,dGhwc3ljaG8=,131201,53132,76561197986689376,720,193
12523,W2Fsb25lXUZlbmlrcw==,ALONE,9434,76561198021436480,344,133
12524,RGF2bw==,TEST,22269,76561198012626752,287,110
12525,ZXRoYW40MDgx,TheGreatEscape,9524,76561198030662160,417,126
12526,RGFuZHk=,HelloNeo,12434,76561198031885616,434,166
12529,eG9uMjA5NQ==,Insanexlevelx1,36134,285298,43,12
12530,W1NPRl0=,MovingPlatform,11637,76561198046729840,268,90
12531,dGhwc3ljaG8=,131208,50999,76561197986689376,355,100
12537,dGhwc3ljaG8=,SPST,410675,76561197986689376,0,0
12541,W1NPRl0=,TheLab,23492,76561198046729840,79,22
12542,Y2hhZHdpaw==,FirstLevel,8234,76561197969378928,221,64
12546,Sm9zaA==,04HighAndSeek,66486,76561198024309136,52,13
12547,Sm9zaA==,05DivingBoard,63408,76561198024309136,30,8
12549,Sm9zaA==,06LaserChaser,70765,76561198024309136,89,21
12553,Sm9zaA==,10SteppingStones,93832,76561198024309136,62,14
12554,bW9oYW1tYWRzaGFqYXJpYW4=,mohammadlevel,3115,276376,131,46
12556,Sm9objJz,Test1,4374,76561201955735296,286,103
12560,Sm9zaA==,13SunRoof,51357,76561198024309136,25,6
12561,Sm9zaA==,14HitTheLights,33297,76561198024309136,17,4
12562,Sm9zaA==,15FlipSwitched,74467,76561198024309136,16,4
12563,Sm9zaA==,12ABCs,80488,76561198024309136,10,3
12564,Sm9zaA==,16TheClaw,53139,11684,12,3
12565,Sm9zaA==,17GottaCatchEmAll,38966,11684,37,9
12566,Sm9zaA==,18OnARail,53027,11684,30,6
12567,Sm9zaA==,19PuppetMaster,30652,11684,19,5
12568,Sm9zaA==,20Caged,40113,11684,119,30
12569,U2NoZWxtVHVjaA==,DearJosh,29194,18387,0,0
12570,QmF0dG9zYWkgW0ZSXQ==,Exercises,15800,76561197970796448,51,14
12571,WW91YWludG5vcHJv,LOL,6689,289052,572,223
12573,cGlxb3Vz,Dodge,15901,76561198080432896,9,3
12575,cGlxb3Vz,Dodge2,4155,76561198080432896,4,1
12576,Y29sX3BsaW1w,oioi,1664,76561198051633984,159,58
12577,U2lyIFVzZWxlc3M=,MrAchievement,3365,76561198047151360,356,147
12581,TWFuem90aA==,TestsimpleRemix,2654,76561198029243952,182,64
12582,TWFuem90aA==,Testsimple,2642,76561198029243952,265,94
12585,VG9tIEhhbms=,TWO,2434,76561198037118016,169,66
12586,VG9tIEhhbms=,TWORemix,2540,76561198037118016,191,72
12587,VG9tIEhhbms=,Testsimple,2640,76561198037118016,206,71
12588,TmFob29t,AchievementLevel,7857,76561197989296656,387,129
12589,TmFob29t,Test,6793,76561197989296656,233,89
12590,SGFsZlpvbWJpZU1hbg==,PlatformingPractice,39757,76561197972636848,204,57
12591,Z290YQ==,AchievementUnlocked,6615,76561197961430496,60,18
12594,Z290YQ==,AchievUnlockedRemix,6747,76561197961430496,52,14
12595,Q2xvdWRGb3g=,StarterMap,6618,293995,278,104
12597,Q2xvdWRGb3g=,MiniLevel,10380,293995,315,103
12599,U2Vj,CameraNotFriendly,4870,76561198025566976,229,83
12600,U2Vj,CameraNotFriendly2,4904,76561198025566976,284,103
12601,b21uaXNjaWVudHppbHRvaWQ=,Blckppl,2028,76561198046424368,192,81
12602,ck5vdQ==,TestrNou,7058,76561198012465760,174,55
12603,TXJETWFuMDU=,clonegame,3046,76561198114690688,164,58
12604,U2NoZWxtVHVjaA==,DangerRoom,49745,76561198064560352,119,30
12605,Sm9zaA==,21SpinCycled,82051,76561198024309136,118,25
12606,Sm9zaA==,22MidnightRun,52290,76561198024309136,56,13
12607,Sm9zaA==,23LikeClockwork,48155,76561198024309136,44,10
12608,Sm9zaA==,24Rounders,52837,76561198024309136,44,10
12609,Sm9zaA==,25MindTheGap,95648,76561198024309136,75,18
12611,U2V3ZXJIYXdr,DrDogBalls,3493,76561198025544112,267,108
12612,SGFja2VyLTE5,HardcoreLittleTest,7366,76561198064577408,101,29
12613,dG9udG9ucHJlaGFo,TontonLevel1,2470,76561198068459024,74,20
12616,dG9udG9ucHJlaGFo,TontonLevelOne1,2579,76561198068459024,60,19
12618,dG9udG9ucHJlaGFo,TontonLevelOne,2504,76561198068459024,4,1
12619,QmVyc2Vya2l0dGVu,RedLightStop,5746,297991,144,36
12620,d2lsbGlhbS5saW5kc3Ryb2Vt,PrettyAwesome,26833,76561198052547664,149,43
12621,V2hlYWxleQ==,WelcomeToHellpt1,5660,76561198042798192,184,66
12622,QmVyc2Vya2l0dGVu,EscapeTheDeadlyPlace,7223,297991,110,30
12624,b2xkc2Nob29sZXI4NQ==,hmf,5820,76561198070238992,240,99
12625,V2hlYWxleQ==,WelcomeToHellPr2,3742,76561198042798192,296,104
12630,eC1kcm9uZTM5,securitybreach,5605,76561198077997168,0,0
12631,eC1kcm9uZTM5,breakout,12106,76561198077997168,326,90
12632,T2JqZWN0aW9uIQ==,Untitled1111,7309,76561198008085728,180,75
12633,TG9nYW4=,Prueba01,1983,76561197963382240,187,76
12634,dGhwc3ljaG8=,140118,35322,76561197986689376,79,21
12635,YWJvdmUgZ3JvdW5kIHJhZGlzaA==,my1st,36443,76561198078502432,181,53
12636,W1R3XUR1bg==,Throwit,4537,76561198050981856,129,56
12637,dGhwc3ljaG8=,140120,6725,76561197986689376,28,7
12639,bGlnaHRpbmcuYg==,Untitled3,36427,76561198059256880,220,87
12647,U29tZUZpcmU=,MultiWays01,11069,76561198060677200,63,18
12648,QmVhc3RNYWtlcg==,BCarefull,5438,76561198044132960,126,39
12649,dGhwc3ljaG8=,131211,34828,76561197986689376,101,27
12650,TWFnbmlmaWNlbnRseSBPbWlub3Vz,Deliberance,6029,76561197969871264,267,103
12651,dGhwc3ljaG8=,131208b,51433,76561197986689376,219,65
12652,YmFydA==,AchievmenLevel,9253,76561197995004512,370,135
12654,YmFuYW5hcGFya2Vy,firstGo,10715,76561198064870176,317,98
12655,Q3liZXJiZW5p,Achievement,8048,76561197979329888,372,137
12656,R2FzdG9uODk4OQ==,Easy,3677,76561198097065616,462,158
12657,YmFuYW5hcGFya2Vy,AssaultCourse,35711,76561198064870176,85,23
12658,Q3liZXJiZW5p,Achievement2,8086,76561197979329888,433,164
12660,ZHVk,achiv666,14053,76561198024096656,274,103
12661,RGlhbW9uZFRydW1ldGVlcg==,securitybreach,6174,76561198086591296,185,59
12663,UG9pbmZvcm1vd2FueQ==,Trolllevel,3959,76561198067739056,200,68
12664,VG9obG8gVGhlIFdvbGY=,SensoryOverload,19897,76561198060496544,174,70
12665,dGhwc3ljaG8=,140130TEST,24704,76561197986689376,0,0
12666,TmV1cmFsaXplciAoU1ZLKQ==,sdfgnbsergnvawrg,1820,76561198008938912,175,77
12667,TmV1cmFsaXplciAoU1ZLKQ==,roflmao,15352,76561198008938912,199,83
12668,cm9rdXJvdQ==,Tooeasy,9073,76561197998040368,250,68
12669,SW1Ud2lzdGVkQmFuYW5h,TheDeathTrap,8130,76561198063171920,203,64
12670,UG9vdGlzX1NwZW5jZXI=,WIP,2243,76561198063631328,199,66
12671,YmFuYW5hcGFya2Vy,updatedFirst,12942,76561198064870176,199,66
12673,Um9ibHkxOA==,MildDetour,9197,76561198042650608,350,99
12674,Sm9zaA==,01SplitEnds,65982,76561198024309136,61,14
12675,Sm9zaA==,02FollowTheRainbow,62079,76561198024309136,74,16
12676,Sm9zaA==,07TheBuddySystem,95789,76561198024309136,18,4
12677,Sm9zaA==,08Shaft,55285,76561198024309136,88,19
12679,Sm9zaA==,11Looper,64098,76561198024309136,24,6
12680,Sm9zaA==,09BoxedIn,46297,76561198024309136,13,3
12681,Sm9zaA==,03Pusherman,70993,76561198024309136,34,9
12682,Sm9zc3k=,Untitled1,3302,76561198022004896,252,96
12683,Sm9zc3k=,Tooeasy,9214,76561198022004896,358,149
12684,S25vZG8=,Jumper,18532,76561197971235936,434,158
12685,S09NQVJPVmRhY2hpZWY=,BossyBoots,27625,76561197996451984,137,46
12686,RXNxdWlsbyBCYW5oYWRvIEVtIExhbWE=,WatchYourStep,7999,76561198091758832,249,94
12687,YV9uZXZlbHM2NjY=,Testlevel01,2144,76561197970368992,211,76
12689,RC5E,TEST334,21220,76561197970089056,215,90
12690,TWF4aW0yMjg=,Level5,16863,308574,254,65
12691,RGFlcm9u,PONG,32433,76561198024479328,164,36
12693,TW9uc3RlclRN,Achivement,32730,76561198049270032,308,114
12695,aWduYTk1,TheCorporation,30356,76561198078626688,65,14
12696,WW9wcGhh,firstOFmany,5440,311795,13,3
12706,WW9wcGhh,LaserShow,9156,76561198050138480,108,24
12707,WW9wcGhh,firstOfmany,26319,76561198050138480,8,2
12716,TGVvbiBbQlJd,duh,3633,76561198029233168,263,97
12717,QlRTdGluZ2Vy,DeathTrap22,18997,76561198017180512,320,80
12718,U3lsbGFiYWxpc3RpYw==,BlameTheRobots,5744,76561198069111424,61,19
12719,LVJlYmVsLUNvY2g=,ItsComplicated,13541,76561198000137088,131,36
12720,Q2xvdWRUaXR1cw==,Untitled112,5593,76561198014753008,223,88
12721,TGVmdC1FeWVfSmVkaQ==,test,15746,76561198066621344,279,107
12722,LVJlYmVsLUNvY2g=,Complex,10347,76561198000137088,206,67
12723,Qm9i,Untitled1,2952,76561198018238064,161,67
12724,Qm9i,Gloktar1,2952,76561198018238064,152,69
12725,Sml2ZSBUdXJrZXk=,SimplePort,7736,76561197978760304,208,87
12726,SmFrZTQ=,Simple,39050,76561198040781952,94,32
12728,QXJuYXVk,AutolevelAchivement,2810,76561197964957712,315,124
12729,Ym9zcw==,SS1,8525,316275,119,39
12730,Ym9zcw==,BOSS2,7486,316275,280,81
12731,SmFrZTQ=,DeadRoad,33469,76561198040781952,228,70
12733,RW5jbGF2ZXI=,test1,4344,76561198039959632,224,92
12734,SmFrZTQ=,Base,34155,76561198040781952,202,67
12735,SmFrZTQ=,Deadlyfactory,34353,76561198040781952,128,40
12736,SmFrZTQ=,Blox,35855,76561198040781952,316,107
12737,RE1hYw==,Achievements,4695,76561198008878192,411,152
12739,Ym9zcw==,mehrdad,12986,316275,0,0
12740,QWdncmVzc2l2ZSBHb2F0,Test00001,1985,76561198025094832,207,92
12741,RGVhRFNob3Q=,MyFirstLevel,5966,76561198072543072,240,83
12742,RGVhRFNob3Q=,ProThief,28368,76561198072543072,293,88
12743,bWVocmRhZA==,1234,13639,318766,0,0
12745,YW5nZS1sYXR0ZQ==,ItDoesAThing,8395,76561198128312272,107,35
12746,bWVocmRhZA==,Teletorial03,56386,318766,74,18
12747,RW0xbHllbg==,Deadlyfactory,34309,76561198112649952,214,74
12748,RW0xbHllbg==,1poer,4684,76561198112649952,241,109
12749,dmFuem9ydA==,dumbtest1,13462,76561198062916656,213,88
12750,bWVocmRhZA==,UNDERGROUND,32731,318766,0,0
12751,RHZpZQ==,Test,9436,76561198074783712,292,119
12755,L2hvbWUvc3NjL2plcmVtaQ==,DiscoLights,3918,76561198015080672,7,2
12756,QWx4aXM=,Experiencia,6622,76561198047179040,221,79
12759,bG9jYWwgdHJhbXA=,CitizenTurret,22855,320896,102,34
12761,Rm94eUJveHlCb3hhYmxl,MyFirstDumbTest,22055,76561198044240112,65,19
12776,Si4gU2l2dWxh,Daywalking,11369,76561198033242096,126,38
12777,SGVpbmVrZW4=,ClonesFugue,20144,76561198099220304,29,8
12778,SGVpbmVrZW4=,OutstockClone,20010,76561198099220304,18,6
12779,SGVpbmVrZW4=,OutstockCloneEASYMOD,20052,76561198099220304,39,12
12780,Si4gU2l2dWxh,Longwalk,68866,76561198033242096,71,19
12781,ZmlyZXdhbGw5OTEz,thebasement,32177,76561198047942128,65,20
12782,VnJhZWw=,Untitledsd,4665,76561198116215792,172,63
12783,QW50aXBsYXllcg==,InProgress,156341,318182,13,3
12784,Si4gU2l2dWxh,Spiritwalk,62869,76561198033242096,141,36
12785,UVFR,WWW,70214,323524,49,13
12788,Si4gU2l2dWxh,CloneSaga1,24852,76561198033242096,116,31
12789,Si4gU2l2dWxh,CloneSaga2,27021,76561198033242096,177,44
12790,Si4gU2l2dWxh,CloneSaga3,84155,76561198033242096,257,66
12791,Z2FtZXJwbGF5ZXJtYW4=,OMFGWTF,30502,76561198101793872,29,8
12792,bWVocmRhZHRhdmFuZ2Fy,ss2,23212,324208,48,15
12793,bWVocmRhZHRhdmFuZ2Fy,mehrdad,12993,324208,0,0
12794,bWVocmRhZHRhdmFuZ2Fy,asa,5423,324208,168,55
12795,UGVrZXBvbnplcg==,BlindMarauder,21839,76561198069917040,72,20
12796,UGVrZXBvbnplcg==,AngryPlans1,43975,76561198069917040,210,61
12797,U3VpY2lkYWwgRGFnZ2Vy,KeepersCore,20749,76561198061365504,32,8
12798,FNvV4gRmxhc2ggRm94,First,3819,76561198013983504,0,0
12806,bWVocmRhZHRhdmFuZ2Fy,test,15404,324208,38,10
12807,Si4gU2l2dWxh,ROBOTTO1,37835,76561198033242096,104,27
12808,Si4gU2l2dWxh,ROBOTTO2,44808,76561198033242096,123,30
12809,REIy,Untitle,1633,76561198048009856,174,67
12810,bWVocmRhZHRhdmFuZ2Fy,zzz,23051,324208,44,12
12811,bG91aXMuam9obi5pcy5ub3Q=,Room101,23856,76561198026912944,116,32
12825,bWVocmRhZHRhdmFuZ2Fy,TOVER,49605,324208,26,7
12826,S2VzaGlyNDU2IFtQTF0=,MadLab01,19441,76561198045874464,351,85
12827,Si4gU2l2dWxh,ROBOTTO3,62371,76561198033242096,90,24
12828,Si4gU2l2dWxh,CasualFriday1,21758,76561198033242096,167,45
12831,YnJuMTk5Mw==,Clone,3506,325617,230,76
12832,TWFybWFsYWRl,MARMALADE01,24934,76561197966416128,0,0
12833,Si4gU2l2dWxh,RIDDLESintheDARK,50067,76561198033242096,156,43
12834,Si4gU2l2dWxh,PanicRoom,5715,76561198033242096,131,36
12835,TWFYaWlp,PanicRoom,5648,76561197969208112,7,2
12836,QWRhbQ==,ShitLevel,9125,76561198078079600,218,84
12837,SWNlaHlkcmFs,johnback,7655,76561198079136240,134,57
12838,Vm92YUNyZWF0ZXI=,Run,7851,327351,230,79
12839,Si4gU2l2dWxh,manyPANICROOMS,72455,76561198033242096,63,16
12840,WElNSUs=,DangerousAdventures1,22563,311364,124,32
12842,Vm92YUNyZWF0ZXI=,TheEscape,6792,327351,199,64
12843,Si4gU2l2dWxh,CasualFriday2,6724,76561198033242096,235,68
12846,U3BhcnRhbiBMMTY=,Dontevenbother,5491,76561198027381744,303,120
12847,am9objIxMTcx,choices,40329,76561198095459008,225,72
12848,am9objIxMTcx,exucution,10985,76561198095459008,244,89
12849,Vm92YUNyZWF0ZXI=,NewLevel,16691,327351,82,27
12850,bWF4YmVuMTg=,escapelab,7389,76561198072655408,313,90
12851,Si4gU2l2dWxh,CasualFriday3,24542,76561198033242096,29,8
12852,bWF4YmVuMTg=,thebeggining,10922,76561198072655408,306,104
12853,Y2FreWJyb3RoZXI=,Powersurge,27319,329797,167,46
12854,Rm94eUJveHlCb3hhYmxl,www,18853,320142,109,32
12855,UGllbWFuNDM0,FunwithLazers,36346,76561198055196752,99,25
12856,Si4gU2l2dWxh,TheTouch,24305,76561198033242096,237,61
12857,cmlraWxvd2U1MDA=,MySecondLevel,3374,76561198080042560,147,54
12858,Si4gU2l2dWxh,MiniTest1,6582,76561198033242096,131,35
12859,Ym1veTY5,bossss,4441,76561198098249984,132,40
12860,Si4gU2l2dWxh,MiniTest2,9495,76561198033242096,102,25
12861,VGh1enRvcg==,TowerPower01,30585,76561197966978688,124,30
12862,Si4gU2l2dWxh,CasualFriday4,29967,76561198033242096,215,58
12863,YSByYW5kb20gbGl0dGxlIGdpcmw=,Abandoned,12711,76561198077257456,119,30
12864,c2hhbmVtYWxhbXV0,clonehelp,18070,76561198093337520,191,58
12865,Si4gU2l2dWxh,MiniTest3,20682,76561198033242096,252,73
12866,TXJKRg==,Sensoreverywhere,4956,76561198081402736,154,55
12867,VG9ydGxpZW5h,FloatingBridge,18278,76561197994023312,157,41
12868,REYuQ2hhb3R5fw==,TEST,4628,76561197966137040,223,81
12869,am9objIxMTcx,nocheallengehere,27239,76561198095459008,233,71
12871,DxDQz48IFBlbmd1aW4uVHJvb3Blcg==,Untitle412d,36203,76561197964246032,0,0
12872,TGxsbGxhbWE=,Achieve,1992,76561198070828112,0,0
12873,Si4gU2l2dWxh,MiniTest4,15126,76561198033242096,185,52
12874,Si4gU2l2dWxh,MiniTest5,19288,76561198033242096,112,33
12875,RXh0cmVtZSBkaXNhcHBvaW50bWVu,Ignore,6507,76561198079460352,236,83
12878,VWx0cmFqZXQ=,Ultrajet1,6463,76561198029581280,218,68
12880,Si4gU2l2dWxh,CasualFriday5,35820,76561198033242096,80,21
12881,Ym1veTY5,lol,18544,76561198098249984,26,8
12883,S2lOZ19NaU5vVGFVclVz,MyFirstLevel,30481,76561198108137504,330,90
12884,ZWxsaW90aHR6,CrapJump,4570,76561197971551056,121,42
12885,WElNSUs=,DangerousAdventures2,17562,311364,118,31
12886,Si4gU2l2dWxh,MiniTest6,17744,76561198033242096,203,54
12887,Si4gU2l2dWxh,CasualFriday6,38646,76561198033242096,104,27
12888,dGhlZ29sZGVuZm94,AfterAperture,21119,76561198113209968,262,74
12889,Y2xlbTg0NA==,test1,7489,336185,51,14
12890,Y2xlbTg0NA==,secretvault,11259,336185,109,32
12891,dGhlZ29sZGVuZm94,Run,23995,76561198113209968,333,101
12892,R29hdEdhbWVy,OldIsNew,15361,76561198046557984,193,62
12893,Si4gU2l2dWxh,MiniTest7,15787,76561198033242096,123,34
12894,UGl4ZWxHYW1lUGxheWVy,FirstTest,2195,76561198090544112,276,88
12895,TG9yZCBCdXJnZXI=,Glorb,2013,76561198081872048,178,80
12896,aW5zZXJ0YWth,dungeontest,9079,332721,32,9
12897,QnJhZGltdXM=,Chamber001,14247,76561197979608224,197,61
12898,QmFnZ2libw==,Mosthardlevelever,3293,76561198007032384,152,67
12899,U3VpY2lkYWwgQnVubnk=,Angels,3808,76561198067878416,97,31
12900,Si4gU2l2dWxh,FrustraTRON1,27181,76561198033242096,105,30
12901,T2xlZ28x,FallDown,24140,76561198067014208,15,5
12902,W0FudGVjXSBBY2UgTW9kZGVy,Untitled1,5454,76561197969524992,189,78
12903,QW1hemluZ1BoaWw=,TEST1,3539,76561198042798192,193,69
12904,QW1hemluZ1BoaWw=,BOX1,2808,76561198042798192,256,88
12905,W01vRF0gUmF6ZXJDcmFmdDRE,TestMap,7270,76561198016527072,219,88
12906,aW5zZXJ0YWth,LabRat,6615,332721,148,39
12907,a29zc21hbm4uZ2VmcmVlcw==,LaserBeam,33691,76561198039624384,72,20
12908,VGhlX0NoZWF0ZXI5Mg==,test,2655,76561198083908320,278,111
12909,UGVyZ3VuZA==,Test,2281,76561197983642336,259,93
12911,QUxJMjEz,1stJOB,71087,76561200156349552,22,6
12912,V2l0aGVybGV5IE1lbHZlcmluZQ==,WitherleyTest1,9564,76561198084329104,63,18
12913,QUxJMjEz,SensorDance,22333,76561200156349552,18,5
12914,QUxJMjEz,LabStealthMission,44468,76561200156349552,85,23
12916,a29zc21hbm4uZ2VmcmVlcw==,InvidersKillThemAll,22076,76561198039624384,70,21
12920,a29zc21hbm4uZ2VmcmVlcw==,LikeIndianaJones,15642,76561198039624384,42,11
12922,a29zc21hbm4uZ2VmcmVlcw==,LikeIndianaJones2,18817,76561198039624384,21,6
12923,VGhlIERvY3Rvcg==,Labrat,18364,76561198070590704,219,70
12924,Si4gU2l2dWxh,FrustraTRON2,38330,76561198033242096,52,15
12925,VGhlIERvY3Rvcg==,LabratRemix,17519,76561198070590704,212,68
12927,Vm9ka2FyaWJvdQ==,KEKAKA1,9255,76561198048240432,219,83
12929,bWlnYXRvMjI=,Abandonado2,6972,343282,228,70
12930,bWlnYXRvMjI=,Abandonado3,6532,343282,138,47
12931,VGhlIERvY3Rvcg==,SliderHell,28740,76561198070590704,117,34
12932,VGhlIERvY3Rvcg==,CloneAdventure,17328,76561198070590704,58,19
12933,VGhlIERvY3Rvcg==,DayLightTest,16280,340336,263,77
12934,Si4gU2l2dWxh,FrustraTRON3,32859,76561198033242096,143,44
12935,VGhlIERvY3Rvcg==,LabratRemix2,16228,76561198070590704,199,66
12936,MjM1X3pfYV9zXzIzNQ==,blachievement,4617,76561198047724880,339,111
12937,VGhlIERvY3Rvcg==,BeeSilent,23675,76561198070590704,221,60
12938,W0VPUkRMXSBFcmlrMTA4,achi,3849,76561197987013552,237,77
12939,UGxheWluZ0RhcmtTb3VsczIhISE=,Easyforachiey,1555,76561198044494272,371,121
12941,dW5uYW1lZA==,ForTheAchievement,2455,76561197970285104,365,122
12942,Si4gU2l2dWxh,FrustraTRON4,17830,76561198033242096,104,27
12943,W01TR10gbTRudDFa,AchievementMapOnly,25417,76561197973883952,479,161
12944,a2li,luelole,10392,76561197993737248,191,77
12945,WmVpZ2g=,Achi,1708,76561198013123904,262,93
12948,Sm9objJz,FrustraTRON4,17802,76561201217089280,0,0
12949,YWxtaWdodHlib2IucHM=,achievementtestlevel,13278,76561197994840864,450,142
12950,Q2FwdGFpbiBDbGlmZiBCZWVmcGlsZQ==,UntitledTest,2511,76561198005946432,160,55
12951,Tm9jdGlzLVNhbWE=,TRADERSlLATINO,37940,76561198122561376,19,7
12952,RGVubnk=,Test1,12258,76561198029063520,185,66
12953,aW5mdW5jdGlvbng=,MineCunt,22468,76561198018918848,219,57
12954,aW5mdW5jdGlvbng=,TrafficLightCentral,40207,76561198018918848,154,39
12955,aW5mdW5jdGlvbng=,OutsideX1,28059,76561198018918848,134,37
12957,aW5mdW5jdGlvbng=,RoomX1,26300,76561198018918848,190,50
12958,aW5mdW5jdGlvbng=,A03,33567,76561198018918848,391,91
12959,aW5mdW5jdGlvbng=,MineCuntExtreme,22653,76561198018918848,119,29
12960,R2lybGJlYXJk,EasyLevel,11023,76561198089781520,358,118
12961,aW5mdW5jdGlvbng=,OutsideX1Moonlight,32199,76561198018918848,194,45
12962,aW5mdW5jdGlvbng=,RoomXtreme1,28114,76561198018918848,25,6
12963,VGltaQ==,Cheevio,5471,76561197991939008,311,94
12964,VGhlIEdyYW1tYXIgTmF6aQ==,MyFirstLevel,4221,76561198045011456,139,42
12965,VGhlIEdyYW1tYXIgTmF6aQ==,EASYLEVEL,4132,76561198045011456,81,23
12966,QSBTcHk=,StealthArt,70964,76561198018472064,0,0
12968,UGluayBmbHVmZnkgdW5pY29ybnMh,Redemption,7132,76561197989893408,170,53
12969,aW5mdW5jdGlvbng=,TheCorporation,31064,76561198018918848,121,29
12970,TW9rdWluIChTVksp,Cheevio,5461,76561197989061632,237,77
12971,ZXNzZW4=,achievementwh,3529,76561197999832768,425,139
12972,aW5mdW5jdGlvbng=,TheTouch,26316,76561198018918848,259,64
12973,aW5mdW5jdGlvbng=,BinaryStar,67663,76561198018918848,290,66
12974,bGFtb3VjaGU=,Test42,5486,76561197998533936,225,87
12975,Og==,RunIsLive,25986,76561198039077232,199,57
12976,Og==,3stages,40649,76561198039077232,194,51
12977,Og==,SecretOperation,29991,76561198039077232,153,38
12978,SjRudXo=,Mytest,5589,76561198063086752,182,70
12979,VGhlVm9paWQ=,JustTesting,2009,76561198014790224,260,98
12980,QmxhbnRlcm4=,BackAround,27050,76561198033651280,273,67
12981,QmxhbnRlcm4=,PPMR,29784,76561198033651280,202,56
12982,QmxhbnRlcm4=,OutofSight,11692,76561198033651280,277,72
12983,Q291bnQgQ2hvY3VsaXRpcw==,Untitledas,7671,76561198004144512,174,74
12984,RGl6bTBl,testlevel,31663,76561198088503696,301,89
12986,TWFjaGluZSBHdW4gUHJlYWNoZXI=,Untitledas,7712,76561198056369664,287,109
12987,TGlrZVNsYXRlcg==,LikeSlaterTest,3552,76561198099428880,267,103
12988,VGFudGFs,Justforachievement,5641,76561198025818560,392,144
12989,Um9wZXJSZXdpbmQ=,Impossible,13842,76561198094737312,212,89
12990,bG9sX2FuZ2VsX2ludm9jYWRvcg==,Easy,12588,76561198139820784,498,153
12991,WW96YW11,QuickAchievement,11267,76561198046737632,487,166
12992,RHJQaXhlbA==,bstleveleva,2805,76561198039417536,222,91
12993,R2lydWdhbWVzaFhY,Untitledmg,23725,76561198028884832,230,88
12994,Ry1Ob21l,TestLevel,52494,76561198071672848,257,98
12995,UmVseXNpcw==,EasyPlayfire,5451,76561198035010592,641,199
12996,V2Fr,SimpleAchievement,2509,76561197968546080,527,170
12997,eGhhbWJ1cmdsYXI=,Untitledd,1934,76561198075420800,253,94
12998,TGlxdWlk,Hangar,31021,76561197998073856,143,40
12999,QmlnU3BlbmRlcl9aQQ==,TEST,6972,76561197993843056,289,107
13003,MzNTQUM=,TryIt,5972,76561198052701696,105,36
13004,U29sYXJJbmZlcm5v,DifficultTest,2250,76561198024019584,194,63
13005,Rm9yZXZlckFsb25l,justdoit,3152,76561198058189280,317,113
13006,QXdlc29tMyBQYW5kNA==,Easy,19461,76561198059630432,800,271
13007,Sm9objJz,002,12548,76561200447487424,0,0
13008,dG9ybmlzb3J0ZQ==,Untitledaa,4815,76561197991744208,73,18
13009,Sm9objJz,001,6935,76561200447487424,33,10
13010,R2hvdWxkeQ==,art,23546,76561198001026192,351,135
13011,QUhvb3B5RnJvb2Q=,Achieveshwa,1677,76561198044600416,370,137
13012,VGFyaWs=,Hrasnica,33630,76561198110596128,125,39
13013,V2VkZ2U=,Dontfeartheseeker,2181,76561197970523664,349,132
13014,Q29tbWll,Untitledcreap,7092,76561198053308976,202,79
13015,ZGFya3R1cmtleQ==,testfd,2666,76561198064767040,226,91
13016,Um9kcmlndWVz,teste,2058,76561198044589456,269,104
13017,Q2FwdGFpbiBFbmdpbmVlcg==,Level2,30757,76561198089234096,371,105
13019,QW5hbCBDYXBvbmU=,PicrossTestLevel,5419,76561198068832352,238,94
13020,SG9tZV9CYXNpY19Qcm9q,tested,35931,76561198020238976,114,41
13021,UGl4ZWw=,test,5547,76561197972394560,229,94
13023,Um9ndWUgU3RhdmU=,wlolehti,3412,76561197967114288,204,83
13024,VmFsaGFsbGE=,PJACK,2810,76561197975939520,190,76
13025,Ym9ybGFuZA==,Easy,34103,76561198034364944,340,121
13026,SG9tZV9CYXNpY19Qcm9q,stupidest,37411,76561198020238976,0,0
13027,VGhlIEplc3Rlcg==,RooftopScramble,32476,76561198079944560,223,51
13029,W0NXXVZpZXRub21ub20=,Zero,6794,76561197986046976,263,102
13030,S3Jvbm9zSUlJ,testit,1725,76561198025050688,222,89
13031,QXJudG9y,Test,3096,76561198035298176,200,78
13032,RE9HIFNRVUFE,2EZ,20427,76561198069641536,275,74
13033,TWFjaGV0ZQ==,Achievement,4858,76561198008369472,271,90
13034,QUxJMjEz,Testing111,2407,76561199040823712,257,84
13037,QmxhY2tzYWQ=,OrangeLight,8919,76561198080492192,60,16
13038,QSBTcHk=,BotDropper,7511,76561198018472064,288,83
13039,SG9tb1tCb10=,EASYNOHAZARD,5718,76561198052080848,354,131
13040,TmVjcm8uS2V6,Cheivo,14029,76561198136278256,225,86
13041,cm94ZXJlcjIx,LevelY1,31173,358673,259,92
13042,WmVvbGxpcw==,Platforms,34529,76561198045106496,53,17
13043,e0xvbEdhbWluZ31NclNhbmR2aWNo,TestChamber231,10037,76561198047464288,207,68
13044,U2NoZWxtVHVjaA==,Robocop,57416,76561198064560352,110,27
13045,Q291bnRlcjc=,DeadTest,2151,76561198042798192,174,70
13046,Q291bnRlcjc=,DeadTestPart2,2522,76561198042798192,178,72
13047,Q291bnRlcjc=,DeathTestPart3,2094,362420,227,83
13048,SHVtYW5fS2lyYnk=,Achivement,4641,76561198094987648,250,90
13049,Q291bnRlcjc=,test,2554,76561198042798192,121,49
13050,Q2FwdGFpbiBFbmdpbmVlcg==,Teleporter1,25608,76561198089234096,17,5
13051,R2hpYmxp,Rwar1,2531,76561198127982096,0,0
13052,R2hpYmxp,RwarEz,6633,76561198127982096,163,70
13053,U3RyaWtlUg==,Test,2905,363876,186,78
13054,RmltYnVsdHk=,Untitledpp,7632,363419,161,72
13055,YXN0YXJhZWw=,HadATry,4336,325804,131,43
13057,U29seQ==,First,2068,364041,164,71
13058,dWlua3U=,Unkempt,7346,76561197990357344,278,67
13059,UGVyc29uNQ==,Achievement,1569,299870,378,140
13060,Y3JhZnR0YWJsZXB0,drugs,27901,364445,215,88
13061,bWlnYXRvMjI=,Abandonado,4706,343282,292,97
13062,bGlvbmNpZA==,Quidquid,26945,357469,86,28
13063,Um9iZXJ0YQ==,Achievement,3526,76561198048423056,484,160
13064,Y3JhZnR0YWJsZXB0,thecreditslevel,35264,364445,0,0
13065,V2l0Y2hlcg==,RobotOverdoce,7542,366114,150,49
13066,Q2FwdGFpbiBFbmdpbmVlcg==,Level3,5713,76561198089234096,177,45
13067,UkggfCBpbm9yaXRlMw==,TestLevel1,21814,366007,255,69
13068,TWFyY290bG8=,Ahardlevel,13830,76561198084312848,155,43
13070,TG9yZWs=,achievementonly,9748,76561198088002784,279,97
13071,QXJUaG9yUw==,test,3251,76561198003329920,173,69
13072,QXVyYWJsb2M=,ach02,2225,76561197998563152,190,77
13073,YW50aWZyZWFrNTI3,BastardSwitches,21880,76561198023230064,194,54
13074,TGFtb2dpb3M=,TheLamogiosChallenge,35008,76561198109786976,170,73
13075,W0FMX2lHXSBHYXJmZWxk,Achievment,1664,76561198051451760,334,118
13076,bWFzdGVybmVtZQ==,FeetOnTheGroundIsh,11839,76561197977850672,285,113
13077,YW5keWd1eTEw,ParkourStation,11105,76561198073906272,250,65
13079,ZHVja2R1ZGU4Nw==,Hard,8011,76561198132306320,105,30
13080,TmlnaHRfV2luZw==,Playtest,9093,76561198017448400,189,81
13081,TmV5ZWs=,Test01,4839,76561198132295488,201,59
13082,VmxhZGltaXIgTHVjaG5paw==,mylevel,14760,76561198056980128,103,41
13083,VmxhZGltaXIgTHVjaG5paw==,Level,7550,76561198056980128,160,61
13084,fFRlTXxSZWlraGFyZHQ=,UntitledTEst,3597,76561197999896192,145,63
13085,THVja3kgVGhpcnRlZW4=,FacilityZero,7752,76561198093003728,241,84
13086,QnV0dCBHaG9zdA==,my1level,5199,76561198056911024,93,26
13087,VGVycmFTaGFkZQ==,MyFirstlevel,22969,76561198045931072,146,43
13089,PUFKU0E9IExhcmVoIDIuMA==,Cameras,13480,76561198026248640,83,23
13091,PUFKU0E9IExhcmVoIDIuMA==,2Cameras,25570,76561198026248640,79,21
13092,bWljcm9jcmVlcA==,Untitled1,7963,76561198007449792,170,76
13093,XjhUaGUgU2VudGluZWw=,HAVOCcompleted,11057,76561198028731920,0,0
13094,Q29keQ==,Test01,28794,76561198042833360,269,79
13095,U3Rsa25nbmU=,Noisy,7398,76561198014387760,127,32
13097,bWFrbzJrMTI=,PLAY,14454,76561198079393840,64,16
13098,S2F3YXp1,BlackandWhite,4140,76561198128908096,69,21
13099,Sm9objJz,Jailscape,14727,76561198036679664,55,15
13100,U0w0RDNYXw==,BlackandWhite,14330,76561198081400960,210,60
13101,UGhhZXJv,TestChamber001,4803,76561198144298672,93,32
13102,UGlsbG93IE1hc3Rlcg==,CheapAchievable,16244,76561198029365008,217,88
13103,SXNhYWtfQ2xhcmtl,Firstone,18151,76561198067152848,173,50
13104,SmF5RGk=,test1,3807,76561198036174912,155,63
13105,U3dvcmRGaXJlMA==,BlindTest,11998,76561198041983792,192,78
13106,Sm9objJz,ClonesRevenge,18256,76561200784414336,53,16
13107,THVja3kgVGhpcnRlZW4=,AssassinClone01,15513,76561198093003728,52,14
13108,THVja3kgVGhpcnRlZW4=,AssassinClone,15637,76561198093003728,112,30
13109,THVja3kgVGhpcnRlZW4=,AssassinClone02,15314,76561198093003728,117,33
13110,THVja3kgVGhpcnRlZW4=,AssassinClone03,26201,76561198093003728,105,31
13111,PUFKU0E9IExhcmVoIDIuMA==,Vents,37428,76561198026248640,80,23
13112,c2V2ZW5kdWNrcw==,FirstAwfulLevel,4066,76561198004643440,186,71
13113,YW1iaXZhbGVudGlvd2E=,SingleJump,2235,76561198068741680,317,129
13114,QWVjaA==,GetSneaky,16983,76561198045063344,204,68
13115,Si4gU2l2dWxh,aDeathKillRoom,46672,76561198033242096,218,65
13116,bWFrbzJrMTI=,REPLAY,25754,76561198079393840,157,41
13120,VmxhZGltaXIgTHVjaG5paw==,sektorZEROremix,15554,76561198056980128,79,22
13121,VmxhZGltaXIgTHVjaG5paw==,sektorZERO,15476,76561198056980128,77,21
13124,bWFrbzJrMTI=,TOWERUP,25867,76561198079393840,59,15
13125,UGFra2lkaXM=,EasiestLevelEVER,1828,76561197998118304,334,118
13126,U0lSVVNBTg==,testoooooo,11166,76561198129347136,172,69
13127,TGVNYXJ0aW4=,Easy,1906,76561198028511024,302,106
13128,ZGVmYWx0MTUwMA==,BossmoHARD,3025,379789,30,7
13129,R2FybG9uZw==,Level1,1898,76561198042798192,246,92
13131,ZGlyZXN2eQ==,diretest,3690,76561198121644128,183,68
13132,bWFrbzJrMTI=,SilentRuins,36474,76561198079393840,100,23
13133,Z3JhbmplZmVpbmRpbw==,level1,10543,362856,131,52
13134,VGlNVHdpc2Vy,Level001,36640,76561198009117680,177,64
13140,cWF6cGwtMQ==,test01,7073,76561198047713536,76,26
13148,a29zc21hbm4uZ2VmcmVlcw==,CloneSaver,11649,76561198039624384,122,35
13151,TXVzdGFjaGU=,Untitled12,4366,76561198012204304,158,65
13166,a29zc21hbm4uZ2VmcmVlcw==,GoodLuck,16050,76561198039624384,46,14
13171,a29zc21hbm4uZ2VmcmVlcw==,RobotDico,17222,76561198039624384,0,0
13183,a29zc21hbm4uZ2VmcmVlcw==,RobotDisco,32348,76561198039624384,96,27
13222,a29zc21hbm4uZ2VmcmVlcw==,TrickyFingers,11373,76561198039624384,11,3
13241,a29zc21hbm4uZ2VmcmVlcw==,Test02,12657,76561198039624384,86,25
13242,a29zc21hbm4uZ2VmcmVlcw==,Escape,12657,76561198039624384,163,44
13246,SAgVmlSMCAgQfw==,EasyasChips,5636,76561198054778016,122,36
13269,a29zc21hbm4uZ2VmcmVlcw==,Bank,27040,76561198039624384,142,39
13273,a29zc21hbm4uZ2VmcmVlcw==,SENTINEL,18298,76561198039624384,159,53
13286,a29zc21hbm4uZ2VmcmVlcw==,RunRunRun,16045,76561198039624384,270,77
13315,a29zc21hbm4uZ2VmcmVlcw==,Test,18641,76561198039624384,100,28
13373,S3Jha2Vu,Deserted,25873,76561198129441680,187,57
13374,a29zc21hbm4uZ2VmcmVlcw==,Sorry,18641,76561198039624384,110,31
13427,VFRCTQ==,MyFirstMap,41195,383802,65,19
13439,Y2FuYWR1Zw==,RandomCrazyThing,4345,76561197995433360,0,0
13496,a29zc21hbm4uZ2VmcmVlcw==,SuicideAssassine,48657,76561198039624384,0,0
13499,Y2FuYWR1Zw==,RandomStuff,3859,76561197995433360,58,20
13502,SmcyMDAwMA==,Test,7307,76561198129074784,169,64
13510,Y2FuYWR1Zw==,Psych,6635,76561197995433360,44,13
13563,Y2FuYWR1Zw==,RUN,6598,76561197995433360,180,59
13564,Y2FuYWR1Zw==,PANEL,2981,76561197995433360,125,42
13613,a29zc21hbm4uZ2VmcmVlcw==,Assassine,72275,76561198039624384,0,0
13621,a29zc21hbm4uZ2VmcmVlcw==,PartnerClone,72364,76561198039624384,8,2
13624,a29zc21hbm4uZ2VmcmVlcw==,12Seekers,35150,76561198039624384,90,27
13625,RWwgS2ltYm8=,Testtesttest,3431,76561198006230784,178,68
13636,a29zc21hbm4uZ2VmcmVlcw==,SlidingBastard,19951,76561198039624384,54,16
13662,a29zc21hbm4uZ2VmcmVlcw==,KillHimIfYouCan,18222,76561198039624384,182,65
13679,Y2FuYWR1Zw==,HelloExplosion,6512,76561197995433360,76,24
13681,Y2FuYWR1Zw==,TheSwitch,13773,76561197995433360,0,0
13693,a29zc21hbm4uZ2VmcmVlcw==,DonkeyClone,11606,76561198039624384,63,22
13694,Q2h1YmI=,Blank,22734,385213,158,63
13695,Y2FuYWR1Zw==,FollowTheSensorBeam,2550,76561197995433360,141,55
13696,Y2FuYWR1Zw==,GoodLuck,3853,76561197995433360,109,38
13697,Y2FuYWR1Zw==,Impossible,4434,76561197995433360,134,44
13698,Y2FuYWR1Zw==,MyLevel,2569,76561197995433360,159,52
13700,Tmllbm5h,Easyclones,27842,76561198094472432,40,11
13726,T2hlbnpp,BULLSHIT,5084,76561198096349328,46,17
13727,Y2FuYWR1Zw==,PortalToWin,3692,76561197995433360,146,47
13729,Q2hhbGxlbmdlciBN,ouch,2266,76561198084922048,111,40
13730,UmVxdWllbQ==,Cheater,32749,76561198002508496,73,20
13731,Y2FuYWR1Zw==,FAIL,2938,76561197995433360,72,28
13732,Y2FuYWR1Zw==,MyPants,5547,76561197995433360,163,55
13733,RE1DNERhbnRlc3Nz,TryHard,10465,76561198072713312,74,20
13734,UmVxdWllbQ==,Yohohoho,13011,76561198002508496,28,7
13752,a2FydGUzNDEyMw==,jonadventure,6355,381410,92,28
13775,a29zc21hbm4uZ2VmcmVlcw==,SaveAllClonesOrDie,24299,76561198039624384,115,32
13776,a29zc21hbm4uZ2VmcmVlcw==,StayAlive,29318,76561198039624384,52,14
13777,U2h5TG9jSw==,Genesis,7318,76561198038603600,222,61
13778,U2h5TG9jSw==,Compartments,23744,76561198038603600,25,7
13787,Y2FuYWR1Zw==,Challenger,11619,76561197995433360,0,0
13797,a29zc21hbm4uZ2VmcmVlcw==,EasyLab,20692,76561198039624384,51,15
13798,Q2FwdGFpbiBFbmdpbmVlcg==,Level4,5283,76561198089234096,101,28
13805,a29zc21hbm4uZ2VmcmVlcw==,RoboJob,37265,76561198039624384,99,28
13806,VmlkIHZhbiBFbHNl,ForTheBastards,32659,76561197994342112,13,3
13807,bWlja2lld2ljeg==,AchievementLVL,1548,76561198023644512,359,120
13808,Z2hvc3RhdmF0YXI=,Untitled1test,3028,76561197976613328,197,68
13810,VGhlIEplc3Rlcg==,Embargo,42715,76561198079944560,75,18
13811,RE1DNERhbnRlc3Nz,TryHard2,26133,76561198072713312,168,43
13812,QSBiYWQgc2VlZA==,12345,13118,76561197998617328,194,76
13813,a29zc21hbm4uZ2VmcmVlcw==,Embargo,42575,76561198039624384,33,9
13879,a29zc21hbm4uZ2VmcmVlcw==,Clonektion,36367,76561198039624384,102,29
13944,a29zc21hbm4uZ2VmcmVlcw==,Explore,16790,76561198039624384,166,44
13945,TGVnaW9u,BasicLevel1,2654,76561198030734480,171,60
13946,VmlkZW9nYW1lZ2V0,Bait,5168,76561197998159280,193,68
13949,VGFtYQ==,Patients,35826,76561198045706080,144,51
13951,KEEuUi5NQU4pIFplcm8uTw==,DeathPrison,21032,76561197993168928,155,45
13954,SGFtYm9uZTMwMDA=,CellBlock,24745,76561198057854640,248,65
13955,KEEuUi5NQU4pIFplcm8uTw==,Escape,23331,76561197993168928,342,87
13990,em9uZGVzLmw=,Lukas,3218,76561198062371728,130,56
13991,VHN1YmFzYw==,FirstClones,49964,76561198127850416,0,0
14027,bTRjMTk5MA==,est,1899,76561198024772864,163,68
14030,a29zc21hbm4uZ2VmcmVlcw==,MadHouse,22158,76561198039624384,56,15
14033,KEEuUi5NQU4pIFplcm8uTw==,Silence,43015,76561197993168928,64,15
14035,cGlja3Byb2R1Y3Rpb25z,Test,9378,76561198123071216,212,79
14036,SEdGYXJrYXM=,Achimap,4947,76561198066716944,175,67
14037,KEEuUi5NQU4pIFplcm8uTw==,begin,59678,396838,292,72
14038,KEEuUi5NQU4pIFplcm8uTw==,begin,59678,76561197993168928,289,71
14041,R2VhciBPZiBSYWdl,FrameWork,7732,76561198046872672,229,65
14042,R2VhciBPZiBSYWdl,TwoRoads,19786,76561198046872672,179,50
14043,TW9yZ2FuIEZyZWVtYW4=,SUPERHARDLEVEL,1702,76561198054703952,168,74
14044,R2VhciBPZiBSYWdl,MayBeThere,19142,76561198046872672,131,37
14045,QmFtRG9v,JUMP,5703,76561198079531936,218,89
14046,KEEuUi5NQU4pIFplcm8uTw==,DOWNHILLSTALKING,28763,76561197993168928,82,20
14048,KEEuUi5NQU4pIFplcm8uTw==,lazertreatment,20472,76561197993168928,309,80
14049,JaRUFMT1ig==,Stayintheshadows,101600,76561198063523056,53,14
14050,KEEuUi5NQU4pIFplcm8uTw==,DOWNHILLSTRUGGLE,28886,396838,63,16
14051,KEEuUi5NQU4pIFplcm8uTw==,fatalobstraction,30908,396838,93,25
14052,KEEuUi5NQU4pIFplcm8uTw==,lazertreatment,20464,396838,250,64
14053,KEEuUi5NQU4pIFplcm8uTw==,fatalobstraction,30922,76561197993168928,93,25
14055,R2VhciBPZiBSYWdl,StillThinking,28869,76561198046872672,280,66
14056,Y3NfdGg3,test,3271,76561198059130208,219,80
14078,R2VhciBPZiBSYWdl,JustJump,31202,76561198046872672,210,51
14079,R2VhciBPZiBSYWdl,Utilizer,46260,76561198046872672,159,41
14080,W0ZSXSBTaXIgTWFpZGVu,Untitldead,1565,76561198056253616,227,85
14115,TidvdXJz,EasyPeasy,30896,76561198055632976,0,0
14116,TidvdXJz,EasyPeasyBB,30869,76561198055632976,0,0
14145,a29zc21hbm4uZ2VmcmVlcw==,Becareful,18639,76561198039624384,107,28
14154,a29zc21hbm4uZ2VmcmVlcw==,UntitledTest,11395,76561198039624384,0,0
14155,S0NTIFB1cnBsZSBNb25rZXk=,SimpleTestlvl,37829,76561197970483632,189,63
14192,KEEuUi5NQU4pIFplcm8uTw==,freefall,35710,396838,249,61
14194,KEEuUi5NQU4pIFplcm8uTw==,crunchtime,40380,396838,306,73
14196,KEEuUi5NQU4pIFplcm8uTw==,THREESTRAKES,34665,396838,194,49
14197,KEEuUi5NQU4pIFplcm8uTw==,robotresponsibility,17072,396838,198,48
14226,a29zc21hbm4uZ2VmcmVlcw==,WatchTheBastard,31419,76561198039624384,101,28
14277,QmV6aW1pZW5ueQ==,Factory,24143,76561198035407904,141,40
14278,QmV6aW1pZW5ueQ==,MiniCoOp,11557,76561198035407904,208,59
14315,a29zc21hbm4uZ2VmcmVlcw==,UntitledTest1,91156,76561198039624384,15,4
14320,U2Ftb3RueU9nb3Jlaw==,Bored,16803,402770,237,70
14325,eGRyb25lMzk=,clonestained,7654,76561198077997168,200,59
14327,a29zc21hbm4uZ2VmcmVlcw==,BigAndHeavy,80904,76561198039624384,51,13
14328,a29zc21hbm4uZ2VmcmVlcw==,TurretSyndrom,3662,76561198039624384,129,40
14347,a29zc21hbm4uZ2VmcmVlcw==,StepByStep,16751,76561198039624384,130,38
14359,KEEuUi5NQU4pIFplcm8uTw==,AUTOMATION,22455,396838,293,70
14362,KEEuUi5NQU4pIFplcm8uTw==,FOOTFALL,25788,396838,215,56
14363,KEEuUi5NQU4pIFplcm8uTw==,sector1,60767,396838,262,63
14364,KEEuUi5NQU4pIFplcm8uTw==,TERMINALDIVERSION,29323,396838,133,37
14367,KEEuUi5NQU4pIFplcm8uTw==,STEALTHPATROL,18897,396838,457,124
14368,KEEuUi5NQU4pIFplcm8uTw==,CROSSEDPATHS,24220,396838,145,43
14403,a29zc21hbm4uZ2VmcmVlcw==,TheBurningFuse,13015,76561198039624384,153,46
14428,a29zc21hbm4uZ2VmcmVlcw==,AroundTheBox,22300,76561198039624384,125,37
14430,c2NobWlkZGU3OA==,EasyAchievement,8901,76561198067437200,574,192
14431,YWR2ZW50dXJl,final,2782,406434,197,73
14432,YWR2ZW50dXJl,inthedoor,6855,406434,158,58
14434,YWR2ZW50dXJl,wawlevelstyle,6947,406434,210,79
14454,a29zc21hbm4uZ2VmcmVlcw==,TryAgain,17569,76561198039624384,91,25
14460,Sm9obm55IFRhbmdv,BasementZZZ,26662,76561197989687552,158,42
14464,Sm9obm55IFRhbmdv,EscortmissionZ2,20439,76561197989687552,194,49
14478,a29zc21hbm4uZ2VmcmVlcw==,StayInTheDark,16398,76561198039624384,90,27
14479,R3VtbWlodWhu,Gummihuhn,31493,76561198044951536,223,65
14481,Sm9obm55IFRhbmdv,MissionImplausible,37907,76561197989687552,113,30
14482,R29ibGlub3Vub3Vycw==,Room01,3659,76561197988073904,297,89
14483,QmlvaGF6YXJk,test,1533,76561198098098832,165,63
14484,R29ibGlub3Vub3Vycw==,ForgottenLab01,86543,76561197988073904,212,51
14485,VGhlX1N1bm55X1VtYnJlb24=,AZ09,36418,76561198086471040,170,51
14486,VGhlX1N1bm55X1VtYnJlb24=,PrisonEscape,61251,76561198086471040,185,54
14487,YWR2ZW50dXJl,zipper,6109,406434,260,91
14489,a29zc21hbm4uZ2VmcmVlcw==,EmmasLevel,7942,76561198039624384,145,49
14589,RnJhZ2dsZQ==,TheEasyWay,11908,76561197970346624,580,151
14625,Q2FuaXNBbnViaXM=,MyFirstLevel1,8656,76561198086156240,207,91
14650,a29zc21hbm4uZ2VmcmVlcw==,LevelInWork2,59078,76561198039624384,12,4
14651,a29zc21hbm4uZ2VmcmVlcw==,DoYourBest,12747,76561198039624384,49,14
14679,a29zc21hbm4xOTU5,Level4,59133,76561198039624384,36,11
14680,andhcg==,HUNTER,4953,411126,157,56
14682,ZGllckR4,herry,2394,411296,182,67
14684,bm91bmU=,underground,4195,411867,177,63
14685,LnNmfCBMdWxtZWdh,TRIAL,26659,76561198012798272,301,84
14686,V2Fyd2ljayPf,Equation,5669,76561198099958448,41,11
14687,LnNmfCBMdWxtZWdh,BASE,103737,76561198012798272,341,93
14689,LnNmfCBMdWxtZWdh,TRAP,41676,289816,358,93
14691,LnNmfCBMdWxtZWdh,OVERSEER,47905,289816,113,30
14700,LnNmfCBMdWxtZWdh,LIGHT,79754,76561198012798272,311,78
14701,amRfaWFub255bQ==,Achievement,4345,76561198085256320,401,140
14714,LnNmfCBMdWxtZWdh,DOUBLE,108039,289816,141,36
14728,SmF5MmE=,Level1,2281,76561198089234096,243,83
14729,SmF5MmE=,Level5,7437,76561198089234096,100,28
14730,VGhlIEplc3Rlcg==,FacilityCrawler,23653,76561198079944560,292,75
14732,a29zc21hbm4xOTU5,Factory,18092,76561198039624384,229,62
14733,SmF5MmE=,Level6,5942,76561198089234096,298,86
14766,RGFuemFpdmVy,DarkBastard,2019,76561197990346608,288,121
14767,VGhlIEplc3Rlcg==,AloneAmongstRobots,29490,76561198079944560,356,94
14768,RnJhbnk=,Alotdoor,7464,414642,149,47
14770,RnJhbnk=,Somany,14444,414642,375,102
14771,Z29ndGVzdDE=,Untitled1,9970,414875,255,95
14772,RnJhbnk=,BOSS1,5860,414642,333,98
14773,RmF0bWFu,Hungry,41985,76561198015953872,286,88
14774,U3VyZml4,Achievement,2320,76561198036674288,396,137
14775,U3VyZml4,LevelInWork,5460,76561198036674288,169,64
14776,RnJhbnk=,RobotCity,5060,414642,148,48
14777,RnJhbnk=,Elevetor,11332,414642,190,64
14778,RnJhbnk=,BOSS2,3170,414642,278,96
14779,QUxJMjEz,Elevetor,11142,76561200156349552,200,70
14780,RnJhbnk=,ElevetorTHEHINT,11814,414642,312,100
14781,RnJhbnk=,TheSpaceship,8872,414642,302,107
14782,TUJaQUlM,THEMACHINEPART1,12220,416385,261,91
14783,dGhhdGJpZ2d1eQ==,EnterAndExit,14031,76561197981456992,236,96
14789,a29zc21hbm4xOTU5,LevelInWork,8922,76561198039624384,0,0
14790,VG9ydGxpZW5h,LeftAndRight,56639,76561197994023312,312,86
14791,VG9ydGxpZW5h,Enantiomorphs,19515,76561197994023312,242,66
14795,SW1hZ2VyZXI=,Blinddeath,29646,416788,43,10
14801,QWxla3NhbmRyMDA5,AAAlevel1,29897,417578,49,13
14803,ZGVhcg==,gear,6957,418618,150,49
14804,am9pbmVy,sliders,4001,418878,251,78
14805,am9pbmVy,roateturrets,3651,418878,110,35
14806,am9pbmVy,Teletorial03,55707,418878,151,42
14808,am9pbmVy,domy,4200,418878,131,49
14809,am9pbmVy,gear,6707,418878,363,131
14810,TGEgUHVnbmU=,AchievementLevel,4493,76561198043363968,542,201
14811,RG9udCBLaWxsIE1lIFBscw==,achievement,8654,76561198077271840,439,166
14812,TWFxcmtr,Hai,2089,76561198064184528,351,134
14813,Z2VhZGVy,magnatic,3259,421129,303,104
14814,dGl6ZW5k,ziyr,3373,421135,273,111
14815,Z29udA==,nomission,5497,421215,407,131
14816,SmF5MmE=,Level7,8430,76561198089234096,401,108
14817,SG9ibyBQcmltZQ==,HoboPortalGarden,2966,76561197985509600,321,113
14818,TWVuYWNlMTIz,Firtone,1987,76561198080724640,0,0
14819,RGFya3NpZGUgRG9ua2V5,BretScrewedBret,18331,76561197975306240,83,25
14820,WElNSUs=,Pat1Level1,17245,311364,177,49
14822,SGFzaGJyb3ducw==,EasyAchievementHere,4778,76561197972394896,502,161
14823,RmxhdGd1Yg==,SliderPuzzle,13270,76561198010615520,255,70
14824,WFQ4Mg==,LASERCUBE,35296,76561198096799936,29,7
14825,RWxtbzMwMDA=,PrettyEasy,33972,76561198117046176,132,38
14826,KEEuUi5NQU4pIFplcm8uTw==,knocks,14231,396838,96,24
14827,KEEuUi5NQU4pIFplcm8uTw==,Downward,16169,396838,78,20
14828,KEEuUi5NQU4pIFplcm8uTw==,Containment,7289,396838,99,26
14829,Q29HZWFycw==,callofduty,1864,76561198054918112,265,104
14830,SmRkZXZvcw==,AchievementLevel,2452,76561198036954512,390,140
14831,SSBLbm93IFdoYXQgWW91IERpZCBMYXN0IFN1bW1lcg==,EasyLevel,2174,76561198153012288,351,120
14832,dGF6ZGV2aWw5NzE=,briefing,11154,76561198115194496,175,47
14833,Qmxvb2R5eGlsbHVzaW9u,Justlamelevel,2164,76561198104481152,174,70
14834,KEEuUi5NQU4pIFplcm8uTw==,TightSqueeze,45437,76561197993168928,345,83
14836,KEEuUi5NQU4pIFplcm8uTw==,WARPED,13779,76561197993168928,48,13
14837,KEEuUi5NQU4pIFplcm8uTw==,SECTOR002,21263,76561197993168928,289,77
14838,aHVtb3VycHJpbmNl,test,11345,76561198056002992,206,77
14842,VGhham9jb3Ro,Computers,8779,426420,39,12
14843,KEEuUi5NQU4pIFplcm8uTw==,STEALTHPATROL,20870,76561197993168928,331,88
14844,RDND,Trampoline,22578,76561198075180416,135,34
14851,TXIuIEVzdHJhbW9uaW8gUHN5Y2hlZGVsaWM=,archivement,2965,76561198146000480,204,73
14854,VGhham9jb3Ro,LostLevel84,51462,76561198204248928,9,2
14855,KEEuUi5NQU4pIFplcm8uTw==,SECTOR03,19309,76561197993168928,189,51
14856,KEEuUi5NQU4pIFplcm8uTw==,SECTOR04,18855,76561197993168928,116,30
14857,KEEuUi5NQU4pIFplcm8uTw==,SECTOR05,27419,76561197993168928,220,58
14862,VGhham9jb3Ro,ChallengeRoomsNoBGs,103750,426420,0,0
14863,VGhham9jb3Ro,ChallengeRooms,129593,426420,0,0
14864,VGhham9jb3Ro,ChallengeRooms,129597,76561198204248928,0,0
14865,QUxJMjEz,ChallengeRoomsNoBGs,103563,76561200156349552,0,0
14866,S2Vyc3VuZQ==,EasyLevel,15129,76561198046508576,533,182
14867,bml0cmluaG8=,Capullo,1491,76561197978164432,262,106
14869,SFFfSm9rZXI=,Achievement,3937,76561198184524560,586,201
14871,T2xlZyBTaGA=,Achievement,4754,76561197998636672,237,77
14872,dGljdG9jYm9kaGk=,TightRopeWalker,38085,76561198061626272,184,55
14873,S2lkRmFyb2Zh,1stTest,11970,76561198116762352,238,88
14874,Q2FwdGFpbiBHdW5maXJl,Test,35345,76561198049377680,208,85
14875,bWFyYXRfbg==,AchievmentTest,10389,76561198003774480,277,101
14876,VGhlV29yc2xleUJlYXI=,Dumb,35164,76561198039949392,207,80
14877,aWxpa2VwaQ==,Untitled332244,6421,76561197997590160,166,68
14878,T2ggSmF5,Wut,33697,76561198045301328,213,86
14879,QmxhemVwaGxvemFyZA==,Achievement,2150,76561198001150400,342,122
14881,U2thcnNuaWs=,Easy,14948,76561198030726656,305,111
14888,aGFuZHJlZDgwMA==,noise,11547,76561198093265168,207,72
14889,U3B5ZGVyMjM=,EasyA,2915,76561198048330112,285,103
14891,R2FtZXNGb3JUVg==,GamesForTVtwitch,6485,76561198239347584,299,97
14892,VG90YWxseSBhIE1lZGlj,FirstLevel,3041,76561198009166336,149,52
14893,Q2FwcmljYQ==,FirstOne,12769,76561198049552240,208,80
14894,TWl0Y2g4MDg=,PoorLittleWhiteBoys,35262,76561197986987664,167,71
14896,RmlyZWJpcmQ=,bla,2306,76561197993952704,137,61
14897,VHVuYQ==,Untitleddd,5862,76561197964567888,196,82
14898,TmFyaXp1NDIw,Seekers,36060,76561198149228272,268,97
14899,aW5kamV2OTk=,TheCloneEscape001,23788,76561198086543248,105,31
14901,J24gY3Jhbmd1bCBpYWR1bHVp,xxx,35708,76561197971418384,249,99
14902,Um9sbGVo,LaserGauntlet,18353,76561197972615200,70,24
14903,ZWwgTWFuY2hh,Test001,15216,76561198099261184,264,98
14904,TWFub21hbg==,AwesomeMapGreatJob,13038,76561198019705728,440,119
14905,UHJvZmVzc29yU3VsbGl2YW4=,ProfessorSullivan001,15467,76561198132938288,77,24
14906,QVcxMw==,TrialsByColor,28424,76561198041702352,63,16
14907,QVcxMw==,WhereToGo,5193,76561198041702352,242,75
14908,WWFyaXNr,TheHole,22816,76561198048522592,288,81
14909,QS5NLlIu,test,1608,76561198128785472,242,96
14910,RGFyb3NhcmFiZWFu,Daro1,7371,76561198000969072,237,65
14911,W00uTy5ELl0gbXNsb3Q3MjI=,SimpleTest,29686,76561197993790896,205,62
14912,RXh0cmFMYXp5,Achievement,7398,76561198071736032,401,147
14913,UGludHNpemVkU2l4NDA=,PintsizedSix40sLevel,20157,76561198252178640,273,111
14914,UGludHNpemVkU2l4NDA=,DungeonFloors,11378,76561198252178640,314,106
14915,TGlnaHR3aWNo,Simple,5943,76561198048967568,451,131
14916,TWF0dCBIYWxwZXJuJ3MgVi1OZWNr,GammaComplex1,20235,76561197980425792,337,92
14917,RGFydGggQm9iYQ==,Untitled4,8493,76561198119519232,237,98
14918,am9rc3VsYWluZW4=,Test,8883,76561198043349712,231,73
14919,dHJ1c3Q=,AchievmentTest,10396,76561198061397408,575,201
14920,KFkuRC5UK0B(,Untitleddd,9790,76561198044435584,261,82
14921,R3JpbWRvZyBKb2hu,Patience,36401,76561198039175296,233,82
14922,YmFvcmU=,level1,4417,76561198153610112,335,109
14923,QXJ0ZWluIERldXN0,Test535,8132,76561198053109392,332,127
14924,VmFsMTQwNw==,random,18462,76561198034291072,30,12
14925,QURSRU5BTElaRQ==,Shadowszorius,5926,76561197989149248,37,9
14926,WEFOREVPTg==,HelpEachother,23378,76561198157462608,248,78
14927,Sm9objJz,my1st,6127,76561199001659984,21,6
14928,bWtpbmd4,CustomBoss,17440,448757,0,0
14929,bWtpbmd4,CustomBossFIXED,17501,448757,138,35
14930,W19LZW5yb3hfXQ==,TheCave,8188,76561197963153024,246,94
14931,W19LZW5yb3hfXQ==,TheCaveRemixed,8300,76561197963153024,273,105
14932,S2F3YWlpIE1yU2FuZHZpY2ggKi0q,Random,11129,76561198047464288,36,14
14933,QmxhY2sgUm9zZQ==,Untitled8,4522,76561198047363344,213,82
14934,ZGFzYTAx,undetected,19756,76561198171744848,198,54
14935,YmFvcmU=,ThePrisonLevelOne,7134,76561198153610112,140,48
14936,RGVtb25maXJlRmFsY29u,Dontbother,17179,76561198083761520,218,71
14937,UklSQURBWU9O,testmap,5943,76561198127725120,190,62
14938,UklSQURBWU9O,testmapremix,6120,76561198127725120,215,73
14940,TXIuQmx1ZQ==,testlevel,6504,76561198059450944,258,91
14945,a29zc21hbm4xOTU5,aerea51,40715,76561198039624384,0,0
14960,a29zc21hbm4xOTU5,area51,32600,76561198039624384,79,24
14961,UzNaQQ==,TheDangerChamber,6517,76561197993188256,145,45
14963,bHV0Y2hlNTkyMTA=,debutdeterreur,7963,76561198106764176,58,17
14965,UzNaQQ==,Deadisadare,5100,76561197993188256,98,27
14969,UzNaQQ==,FirstTest,29096,76561197993188256,154,45
14970,Z2luc3l1X2lzX215X3F1ZWVu,TheBasics,29038,76561198274013344,195,67
14971,UzNaQQ==,aerea51,41179,76561197993188256,113,34
14973,T25lSGFuZGVkU3F1aXJl,RawCynicism,1638,76561198025065568,291,101
14974,UzNaQQ==,GammaComplex1,20332,76561197993188256,142,40
14978,bHV0Y2hlNTkyMTA=,durdur,5711,76561198106764176,35,10
14979,UzNaQQ==,EnemyEngage,8695,76561197993188256,149,44
14981,UzNaQQ==,Deathisadare,5523,76561197993188256,84,23
14982,UzNaQQ==,sliders,5527,76561197993188256,42,12
14984,QWxleA==,Shailo,28167,76561198094251440,246,102
14985,UzNaQQ==,SentinelStairs,3701,76561197993188256,161,46
14986,bmlnZWxiZXJyeTY5YWxsdGhlNDIwcw==,AchievementGetter,2527,76561198107458336,373,126
14987,VmVudHVz,Right,5053,76561198172891264,209,76
14988,U2lyOQ==,Sir9,1942,76561197970871904,241,88
14992,KEEuUi5NQU4pIFplcm8uTw==,RoomOfSilence,21883,76561197993168928,110,26
14994,KEEuUi5NQU4pIFplcm8uTw==,RestrictArea,22720,76561197993168928,314,82
14998,Sm9objJz,FromDeathToDown,6640,76561200112886288,0,0
15000,Sm9objJz,FromDeathTodown2,8533,76561200112886288,238,70
15001,KEEuUi5NQU4pIFplcm8uTw==,options,17104,76561197993168928,283,77
15002,KEEuUi5NQU4pIFplcm8uTw==,SpeedWarp,13447,76561197993168928,27,6
15003,KEEuUi5NQU4pIFplcm8uTw==,Test,15629,76561197993168928,18,4
15004,QmxhbWU=,Untitled33achiev,36996,76561198068374352,178,69
15006,UzNaQQ==,EnemyDungeon,6068,76561197993188256,139,44
15007,RXhEdWVsaXN0,UselessLevel,3719,76561198164699136,238,86
15009,UzNaQQ==,HowToKillAMurderer01,6651,76561197993188256,174,60
15011,a29zc21hbm4xOTU5,Test1,35051,76561198039624384,173,58
15014,QW50aUxpZmU=,achiv,3883,76561197982615424,259,91
15017,a29zc21hbm4xOTU5,WatchTheTimer,51027,76561198039624384,15,3
15018,a29zc21hbm4xOTU5,Emma,12407,76561198039624384,11,3
15019,UzNaQQ==,HowToKillaMuderer02,13303,76561197993188256,101,31
15020,UzNaQQ==,DeathMission,12466,76561197993188256,223,77
15022,U2FudGk=,Santi001,6872,76561198165265200,197,56
15023,R2VhciBPZiBSYWdl,ZoneA2,33991,76561198046872672,121,30
15024,Tm9tc3R1ZmY=,Achievements,24099,76561198092307072,304,111
15025,bWFlbWFzaGE=,Green,18460,76561198129415392,33,9
15026,bWFlbWFzaGE=,Hourensou,18503,76561198129415392,32,9
15028,ZG9jdGVy,Untitleda,12304,76561198042193296,223,81
15029,UGluYXRvdW4=,Achievements,24046,76561198011557312,303,109
15030,UzNaQQ==,LittleMission0000001,19267,76561197993188256,213,59
15031,bWFlbWFzaGE=,Satori,48893,76561198129415392,69,15
15033,RG90b2xvdG8=,LasersAndShadows,3777,76561198030519072,213,67
15034,VGhlVE1lbmc=,Impossible,6271,76561198144598544,201,69
15035,R3Jyb3dseWZveA==,HAHA,16112,76561198037618368,235,90
15036,UzNaQQ==,CastleInfilterate001,10760,76561197993188256,89,27
15047,VW5PcmlnaW5hbF9CYXN0YXJk,Untitleddddd,11340,76561198025087936,226,87
15049,bWFlbWFzaGE=,ToTop,62287,76561198129415392,92,21
15050,bWFlbWFzaGE=,Line,29042,76561198129415392,31,7
15052,TmVidWxlc2JpYW4=,BREAKING,22555,76561198012798272,221,56
15053,bWFlbWFzaGE=,RedSensor,38560,76561198129415392,32,7
15054,bWFlbWFzaGE=,Sandwich,38400,76561198129415392,8,2
15055,bWFlbWFzaGE=,Light,28754,76561198129415392,19,4
15056,TmVidWxlc2JpYW4=,BACKANDFORTH,37626,76561198012798272,168,42
15057,U29M,Test1,11337,76561197965522320,235,87
15058,RGV4dHJhdA==,GreatTeat,15800,464263,137,39
15059,amF5aG90OTE=,freefall,35716,76561198085661280,214,59
15060,amF5aG90OTE=,fabiolcok,22170,76561198085661280,224,55
15061,KEEuUi5NQU4pIFplcm8uTw==,LazerWarp,20291,76561197993168928,32,7
15062,KEEuUi5NQU4pIFplcm8uTw==,MegaWarp,13902,76561197993168928,49,12
15063,TGVnZW5kYXJ5R2VuaWU=,PumpkinSpice,7386,76561198043748800,320,131
15064,Q3ppa2Vu,FirstLevel,34155,76561198056116336,465,124
15069,SmFub3MgQmlybw==,Heist01,41678,76561198045796160,44,11
15070,YWRhbWsxOTkzcg==,FirstTryOfMine,28401,76561198047885296,105,26
15072,QWthZ2FtaQ==,Useless,4597,76561198165203104,214,86
15073,KEEuUi5NQU4pIFplcm8uTw==,megawarp02,19790,76561197993168928,23,5
15074,Wml6aW5odQ==,loko,31666,76561198082040656,264,94
15075,KEEuUi5NQU4pIFplcm8uTw==,Estrategy,19680,76561197993168928,31,8
15076,QWxleA==,Achievement,3259,76561198083583536,348,122
15077,aWFudGhla2lya2xhbmQ=,0XZY3O5,5185,76561198068098832,0,0
15078,Wml6aW5odQ==,BadDestiny,31094,76561198082040656,237,65
15079,RGFyaydbTl1pJw==,jUMP,3333,76561198064956320,270,98
15080,KEEuUi5NQU4pIFplcm8uTw==,Estrategy02,21191,76561197993168928,99,23
15081,KEEuUi5NQU4pIFplcm8uTw==,MegaWarp03,28348,76561197993168928,14,4
15082,U29saWQgU2Ft,Achievement,2735,76561198080609184,342,125
15086,QnJpYW5wcm9rcG83ODk=,Chamber1,5955,471356,418,125
15088,KEEuUi5NQU4pIFplcm8uTw==,Troll01,52336,76561197993168928,26,6
15089,VGhvcg==,Achievement,16599,76561198080223072,227,88
15090,RGVmaW5pdGl2ZQ==,Achi01,6084,76561197960520112,204,85
15091,KEEuUi5NQU4pIFplcm8uTw==,Troll02,67836,76561197993168928,41,10
15092,TmlldCB0aGUgRGFyayBBYnNvbA==,IGotDis,28080,76561198036659760,526,148
15093,SmFja2FMIEtpbGxUaGVBbmltYWxz,FirstLevel,2622,76561198077636976,167,54
15094,a29zc21hbm4xOTU5,Hackingtime,25796,76561198039624384,11,3
15096,RGFub3RyaXM=,LittleEasyTest,7209,76561198001516944,369,143
15097,anYuY2FudXRvc2FuY2hleg==,spaceunkown,37212,76561198254902176,246,96
15098,RmFjYWRleQ==,Untitled32,4627,76561198157051840,184,82
15099,RmFjYWRleQ==,Untitledd,7647,76561198157051840,245,100
15100,Q2FwdGFpbiBTdW0gVGluZyBXb25n,FirstClones,53194,76561198006305024,332,113
15101,Q2FwdGFpbiBTdW0gVGluZyBXb25n,BonnieAndCloneMOBILE,66042,76561198006305024,564,149
15102,Z3JhdnltYW4zMzIx,AchievmentTest,10267,76561197991651424,459,160
15103,aW5mdW5jdGlvbg==,PacBastard,28918,76561198018918848,66,16
15104,ZG9nLXRoZXRpYw==,memereivew,20367,76561198100202288,0,0
15105,RmVkYXlraW4=,Lockdown,62556,469447,126,29
15106,ZGVhZGVsZjc5,YouHaveNoTime,30302,76561198059548672,295,85
15107,SmFrZXJpdmVyag==,Test,14748,76561198058618400,189,76
15108,Y2xhc3NpY2NvZGVyMDE=,NightCrawler,15070,76561198265975744,252,75
15109,RmVkYXlraW4=,Phase,53496,469447,219,51
15110,RHJhdXNpbnVz,TheLeap,1514,76561198128753760,232,94
15111,cmF0dW5rdS03Nw==,Ratunku,2993,76561198078785536,131,53
15114,QW1hbmk=,JustHackAndExit,8841,76561197981173360,197,74
15115,YWxla3NleS5zdWJvY2hldg==,PLAYTEST,36605,76561198134138992,172,67
15116,VmFyY3Vza3Jvbg==,FirstLv,8168,76561198145939392,206,61
15117,QktpbGxlcg==,BK1,1798,76561198139256448,169,60
15118,UG9ydHVl,ThoughOne,3893,76561198077462416,139,54
15119,R3VtbWkgQmVhcg==,Gotcha02,39050,76561198150344944,203,78
15120,RG9kdQ==,Somehoweasy,2795,76561197982398048,227,84
15130,bWFlbWFzaGE=,guruguru,43514,76561198129415392,65,16
15131,bWFlbWFzaGE=,HIKARI,39418,76561198129415392,17,4
15134,Wml6aW5odQ==,Decent,24948,76561198082040656,50,16
15135,VG9uaWM=,Tricky,2962,76561197983559280,50,15
15136,ZG94,Achievement,2167,76561198036045920,273,86
15137,RGlpdml6aW9u,Test,4754,76561198134220656,190,65
15138,QXBocm9kaXRlIFFR,Untitled123,5087,76561198041093248,193,67
15139,bWFlbWFzaGE=,PopPop,22606,76561198129415392,18,5
15140,bWFlbWFzaGE=,zorozoro,32058,76561198129415392,312,76
15141,S29ELU1JRkY=,TEST02,1607,76561197993168928,193,65
15144,bWFlbWFzaGE=,8eight,66389,76561198129415392,60,15
15146,TGl6emllIFJhbW9uYQ==,yeahhm,3523,485153,173,57
15147,TGl6emllIFJhbW9uYQ==,Achmmm,1777,76561198132562128,186,62
15149,Rmxhc2hEcmVhbQ==,basictest,14285,76561198057482000,170,58
15150,U3lCbw==,Stackit1,1576,76561198057937600,0,0
15151,U3lCbw==,sytest,1630,76561198057937600,128,42
15152,THVsdQ==,GGiguess,2010,76561198052333456,135,43
15153,THVsdQ==,GGiguessremix,2058,76561198052333456,197,70
15154,RnVuZXN0,Nothing,3720,76561198055498368,165,51
15155,TW9l,AchievementTest,2434,76561198041587424,183,58
15156,TW9l,AchievementTest2,5462,76561198041587424,210,62
15157,TW9l,AchievementTest3,5460,76561198041587424,241,71
15158,TW9l,AchievementTestRemix,2475,76561198041587424,310,93
15159,Sm9obm55IFRhbmdv,SenseOfPain,34058,76561197989687552,216,57
15160,c3Rld2FtYm8=,Untitled1,2806,76561197995646800,207,64
15161,S2VtZWtv,ForAchievement1,14950,76561198002601568,312,90
15162,S2VtZWtv,ForAchievement2,21364,76561198002601568,206,59
15163,cG9wbWVsb24=,clonehelp,4317,487597,156,45
15164,QmlyaW5jS2V2aVI=,MYFirtslevel,8506,76561198239132352,147,45
15173,TGV1Z2ltNjc4,Easy,3299,76561198011831456,280,87
15174,TWNTdHJhbmdlRmFydA==,level1000,6291,76561198050477472,209,60
15175,5CB(,Easylevel,1717,76561198027825920,298,95
15178,WW9zZWZY,MayContainCuts,60894,489123,75,19
15179,QXN0aWdp,Achiev01,5009,76561198067505328,290,92
15180,WW9zZWZY,LaserSlide,37038,489123,89,22
15181,WW9zZWZY,BlackDeath,59305,489123,29,8
15182,KEEuUi5NQU4pIFplcm8uTw==,Duet,48843,76561197993168928,54,12
15183,bHVjYXMuZHVsaW4=,achiev,18135,76561198303087584,294,91
15185,QWFyb24=,MyLevel,4910,76561198058024048,219,75
15187,S2Fhc2pl,Klaasje,19299,76561198040625328,65,19
15189,R2hvc3RTdGVhbHRoNjY2,DEAD,25926,490329,13,4
15192,SmFja1dvbGZpZQ==,MyLevel,6015,76561198359378512,14,4
15193,bWFlbWFzaGE=,eye,36032,76561198129415392,12,3
15194,bWFlbWFzaGE=,BlackBox,16045,76561198129415392,45,10
15196,bWFlbWFzaGE=,ChikaChika,37144,76561198129415392,36,8
15197,VC1EYXdn,Achievement,6565,76561198044724304,323,105
15198,VC1EYXdn,AchievementRemix,11394,76561198044724304,389,126
15199,bWFlbWFzaGE=,hiyahiya,36970,76561198129415392,105,25
15200,ZGogNzA=,WTF,6712,76561198001576896,269,104
15201,UFBV,test1,5356,76561198032420384,223,77
15202,UFBV,tes2,5505,76561198032420384,216,76
15203,UFBV,test1remix,5432,76561198032420384,204,75
15204,UHJvZkZhQm8=,TheRooms,33935,76561198159648352,274,68
15205,R2VhciBPZiBSYWdl,Casuality,27112,76561198046872672,166,40
15206,Tmllaw==,lvl1niek,1796,76561197986537680,200,74
15208,bXJNYWRuZXNz,HardcoreParkour,5887,492401,127,36
15209,UmF6b3I=,Windmills,4971,76561198063740448,38,12
15211,R3JleUdvcmU=,AchievementLevel,2593,76561197978882784,280,97
15212,TWNTdHJhbmdlRmFydA==,LotsOfTerminals,5941,76561198050477472,245,77
15214,RGFya0NvcmU=,AchivementStuff,3265,76561198054589872,271,96
15216,Z2lnaXN0cw==,test1remix,5359,76561198167249376,232,91
15217,ZHou,JustFoolingAround,6055,76561198138928736,253,96
15219,19LYVNoZUxvVFj,nothing,15981,76561198013692896,0,0
15227,LlQu,Null,20228,76561198095538816,8,2
15228,TWNTdHJhbmdlRmFydA==,LotsOfTerminals2,8143,76561198050477472,260,79
15229,UmFEIEdhbWVz,IDK,61384,76561198081251872,33,10
15230,Q2FwdGFpbiBTYWxtb24=,EasyAchievements,25293,76561198038980496,426,152
15232,cm9tYW5vNDc4,test,2442,76561198028279008,322,123
15233,SW1hcg==,MentalTorture,54466,76561197993168928,0,0
15234,VGhvbWFz,Boulouf,4009,76561198340925056,391,120
15236,RHJhY29uaWMgRmxhbWU=,Achievement,19661,76561198076279360,314,112
15237,dGhlQQ==,bl1,5949,10434,80,23
15238,U29sdHVkZW9mbWluZA==,AchievementTest3,5438,375649,165,59
15239,U29sdHVkZW9mbWluZA==,MessingAround,3525,375649,250,77
15240,U2hpbmluZ0xsYW1h,testlevel,5514,427286,179,69
15241,TXIuZW1wdHlkb3VibGUgVQ==,escapeprison,12373,499110,93,26
15243,TXIuZW1wdHlkb3VibGUgVQ==,Escapeprision2,18876,499110,27,7
15247,TXIuZW1wdHlkb3VibGUgVQ==,ElevatorofHell,15420,499110,8,3
15248,TXIuZW1wdHlkb3VibGUgVQ==,Escapeprison2,18848,499110,25,8
15249,YXNzLWtpY2tlcnk=,Untitledad,10364,500107,140,65
15257,bWF0dGhpYXMtY2hyaXN0YQ==,Section1,33290,499991,0,0
15260,Q3lyZGFjaA==,TheFirstone,19223,500117,19,5
15262,TXIuZW1wdHlkb3VibGUgVQ==,Experimental,12877,499110,6,2
15263,VGFyYWhhemU=,Bamp,7616,500762,268,93
15264,UGVuZ3Vpbktpbmc1MzM=,ShadowLover,20799,501217,161,47
15266,VGhvbWFz,ROBOE2ROBOEMARCH,13709,477772,48,15
15267,VGhvbWFz,FRITOPLK,13700,477772,62,18
15268,VGhvbWFz,TYFERTYASEX,10058,477772,124,36
15269,cGVuc2l2ZW93bA==,FirsTime,27107,466631,284,83
15270,Q2ljYWRh,Achievement,7379,501061,291,111
15271,QmlyaWtpdGE=,Teste,14675,450652,259,100
15272,SE9ET1I=,LevelONE,1943,503056,240,98
15274,THVwdXM=,Achievement,2424,76561198257496112,386,135
15276,VW5maXQgQnJpdA==,SecretsSecrets,5182,504341,0,0
15277,dWN6ZW40MTU=,AchievementLevel,2579,505027,135,58
15278,dWN6ZW40MTQ=,backgroundround,14880,505239,89,31
15280,SkQySw==,1ACHIEVEMENT,43262,505480,175,61
15282,SW1hcg==,MindControl,15905,495440,21,5
15283,Z2VuZXJvYw==,ARCHIVEMENT,6962,506272,95,32
15284,VGhvbWFz,tutufritu,8981,477772,77,21
15285,VGhvbWFz,noham,13143,477772,71,22
15286,VGhvbWFz,yopdeyop,8143,477772,56,18
15293,VGhvbWFz,DENIS,7984,477772,55,18
15296,VGhvbWFz,OLIO,8079,477772,90,26
15297,VGhvbWFz,LOLOLOLOLLP,8479,477772,63,22
15298,VGhvbWFz,fire,15633,477772,62,18
15299,VGhvbWFz,popopy,6714,477772,49,16
15300,VGhvbWFz,whale,8958,477772,99,29
15301,VGhvbWFz,OLPOLPOLUITOR,7952,477772,76,24
15302,VGhvbWFz,popop,10833,477772,80,25
15303,VGhvbWFz,popcorsese,13413,477772,101,30
15304,VGhvbWFz,disnep,10578,477772,68,21
15305,VGhvbWFz,jumpopo,10733,477772,83,25
15306,VGhvbWFz,disney,10578,477772,92,32
15307,M3hCQVI=,Untitled455,50241,506597,114,42
15308,bHV0Y2hlNTkyMTA=,RoboCoOp,25577,245776,62,18
15309,SXZ5aXNz,UntitledTest,2435,507005,122,47
15318,R2FsYWN0dXNSZWlnbnM=,FirstLevelEver,3275,507365,101,29
15320,R2FsYWN0dXNSZWlnbnM=,THREEGATES,4732,507365,57,16
15324,R2FsYWN0dXNSZWlnbnM=,TRICKED,5409,507365,81,22
15326,R2FsYWN0dXNSZWlnbnM=,EXPENDABLE,4378,507365,61,17
15327,c3RhcmswNTE=,Unti,34293,488647,142,53
15328,dGhld2F5MTAyNA==,wwlB1,6177,507224,0,0
15332,dGhld2F5MTAyNA==,WWLB2,6599,507224,44,14
15334,LQ==,SDG001,12173,76561198279475504,15,5
15335,Y29tZmxpeGVy,Cartoom,26512,508133,33,11
15336,Y29tZmxpeGVy,Nombred,43703,508133,49,16
15337,Y29tZmxpeGVy,Megabots,24148,508133,93,26
15338,W1JFWF0=,REXtestLevel001,3662,76561198026716704,72,24
15339,W1JFWF0=,Nombred,43822,508549,38,11
15340,Y29tZmxpeGVy,Robolight,7139,508133,16,5
15341,Y29tZmxpeGVy,Myfolver,6226,508133,15,5
15342,Y29tZmxpeGVy,HACK,6800,508133,39,11
15343,Y29tZmxpeGVy,MrCook,6226,508133,49,14
15344,Y29tZmxpeGVy,Roboclone,4546,508133,26,9
15345,Y29tZmxpeGVy,MiniHide,4388,508133,55,16
15346,Y29tZmxpeGVy,Bion,5194,508133,47,15
15347,Y29tZmxpeGVy,CheatingBob,8514,508133,21,7
15348,cmVkX3NwYXJreSBkcmFnb25fZm9yY2U=,SimpleButASmallTwist,36929,76561198426037120,103,33
15349,cmVkX3NwYXJreSBkcmFnb25fZm9yY2U=,Unti,35058,76561198426037120,78,22
15350,Y29tZmxpeGVy,Refloat,6695,508133,22,7
15351,Y29tZmxpeGVy,Niomo,8009,508133,14,5
15352,Y29tZmxpeGVy,Megabot,18339,508133,28,8
15353,Y29tZmxpeGVy,Floantion,6972,508133,22,7
15354,Y29tZmxpeGVy,Temmor,5249,508133,24,7
15355,Y29tZmxpeGVy,Zoon,7422,508133,29,10
15356,Y29tZmxpeGVy,UFS,7738,508133,19,7
15357,Y29tZmxpeGVy,Donomart,3420,508133,42,14
15358,Y29tZmxpeGVy,Mote,10282,508133,15,5
15359,Y29tZmxpeGVy,Sauce,6447,508133,48,15
15360,Y29tZmxpeGVy,Oblab,17095,508133,29,9
15361,Y29tZmxpeGVy,BEXJUN,9905,508133,37,11
15362,Y29tZmxpeGVy,Hommort,17623,508133,17,6
15364,Y29tZmxpeGVy,ZOMO,16830,508133,20,6
15365,Y29tZmxpeGVy,ZOMO2,16690,508133,51,15
15366,Y29tZmxpeGVy,MOS,11992,508133,17,6
15367,Y29tZmxpeGVy,NOSEEK,10643,508133,41,13
15368,Y29tZmxpeGVy,TUT,5402,508133,28,10
15369,Y29tZmxpeGVy,BADRAGE,10062,508133,51,15
15370,Y29tZmxpeGVy,Sook,16387,76561198390962208,50,14
15371,Y29tZmxpeGVy,TUT3,7475,508133,85,25
15372,Y29tZmxpeGVy,Party,1794,508133,132,41
15373,Y29tZmxpeGVy,BONCE,24221,508133,74,20
15374,Y29tZmxpeGVy,GHK,31642,508133,101,27
15375,Y29tZmxpeGVy,NOGOAL,16459,508133,42,11
15376,Y29tZmxpeGVy,5LEVELS,7928,508133,147,38
15377,Y29tZmxpeGVy,SMT,6970,508133,127,39
15378,Y29tZmxpeGVy,MYOFFICE,22547,508133,106,32
15379,U3dldmVuZXI=,SoHardcore,6064,507631,147,52
15380,Y29tZmxpeGVy,HellRooms,17463,508133,129,37
15381,Y29tZmxpeGVy,Remoton,7772,508133,122,36
15382,Y29tZmxpeGVy,Jockey,8918,508133,131,37
15383,Y29tZmxpeGVy,Hoip,10180,508133,179,47
15384,Y29tZmxpeGVy,Tem,8574,508133,173,48
15385,Y29tZmxpeGVy,SuperExit,16337,508133,128,38
15386,Y29tZmxpeGVy,TrapHouse,11908,508133,11,4
15387,RGV2ZXJheA==,EasiestLevelEver,4043,508046,50,23
15389,TW9sb2tv,Achievement,2567,510223,302,95
15390,Y29tZmxpeGVy,Wictoryclam,4968,508133,110,31
15391,WXVrdWxvdmljeg==,Achievements,9528,509908,197,73
15392,Y29tZmxpeGVy,Megascape,13163,76561198390962208,129,40
15393,Y29tZmxpeGVy,MOFFICE,13578,76561198390962208,152,44
15395,VGhvbWFz,SPECIALSECTOR1,20861,477772,122,30
15396,VGhvbWFz,mcvoisosky,15134,477772,197,56
15397,Y29tYnVzdGlibGVsZW1vbg==,Achievements,9529,512018,192,69
15398,S3JvbW1lbGR5,Crap1,2283,448216,173,69
15399,W1R1bWFuXQ==,Untitled2123,6820,512261,138,54
15400,R2hvc3RnYW1lckJS,HangInThere,23295,512492,20,6
15401,VGh5a2th,Maintenance01,22619,138709,36,8
15402,QW5nZWwyNA==,Untitled0,4506,76561198789307632,0,0
15403,W09TRkRUXW0oMF9vKW0=,Test01,5050,513307,159,57
15404,Z2lnZ3M=,GarbageTest,3578,397810,149,55
15405,VGhlRGFya1NoYWRvdw==,PrimeSteps,6624,514505,62,16
15406,VGhlRGFya1NoYWRvdw==,StealthTroll,10254,514505,199,49
15407,VGhlRGFya1NoYWRvdw==,Massacre,7442,514505,186,52
15408,UmFkaWFudA==,Testing123,2132,514556,197,66
15409,RGltaXRlcnU=,megaLevel,33776,405763,157,46
15410,VGhhdCBSZWFsbHkgQmFkIFBsYXllcg==,IsThereAsecret,2486,76561198042053456,80,25
15411,VGhhdCBSZWFsbHkgQmFkIFBsYXllcg==,Testing123,2139,76561198042053456,129,42
15412,UjQ=,stupidtest,2386,76561198043868576,145,56
15413,Q3JhZG93,Chivoplz,4499,434123,130,51
15414,TU1C,EASY,34048,516014,14,4
15415,VGVtYXRzdQ==,Untitled1234,8101,281915,91,30
15417,VGVtYXRzdQ==,Untitled12345,8966,281915,97,33
15418,bWF0dGhpYXMtY2hyaXN0YQ==,dead3end,14659,499991,7,3
15419,bWF0dGhpYXMtY2hyaXN0YQ==,dead4end,10300,499991,9,2
15421,cm9tYWRvbWFmdXJndW4=,666,8889,516179,0,0
15428,TWlzcy5BbGljZQ==,Covid19,7086,516369,191,64
15429,cm9tYWRvbWFmdXJndW4=,Untitled666,8456,516179,56,17
15436,cm9tYWRvbWFmdXJndW4=,spy,26282,516179,159,46
15437,dGVzdF9vZl92YWxvcg==,Untitle,3256,512960,87,31
15438,b29rYW1pbm9rZW4=,Wheresthefloor,2770,516739,101,32
15439,VnNldm9sZG9y,First,23127,506674,46,11
15440,bTByZS1pd25sLQ==,eziest,1839,516985,105,37
15441,c2tvZDc1NjM=,ImitationUnderground,8316,516926,37,9
15442,ZXNwaW9uYWdlcg==,INFINCE,3579,516924,150,46
15443,QmFnbm9sbw==,Untitled12345,8966,517081,137,44
15444,QmFnbm9sbw==,Achievement,1715,517081,190,61
15445,dHVraQ==,OpenJustWin,9422,515597,172,59
15448,U215dGhl,SimpleAchievemnt,3910,293139,203,64
15449,VGhvbWFz,SPECIALSECTOR2,13754,477772,15,4
15450,VGhvbWFz,spesialsector3,6014,477772,66,16
15451,RGFya3lTYW1h,TestAch,3623,269245,82,29
15452,SGVpcm9zMTUx,Achievment,2188,517992,84,30
15453,UGxhZ3VlIERvY3Rvcg==,Untitled123,15019,76561198313504608,71,25
15454,UGxhZ3VlIERvY3Rvcg==,PLAGUETEST01,15019,76561198313504608,80,33
15456,SWlkbw==,EasyAchievement,2233,519023,71,26
15458,WXVrYXJp,Achievement,6810,518608,88,30
15459,e7ViaHlydWE=,TestACh,3493,76561198082531488,45,15
15460,VGhvbWFz,LEVEL1,7096,477772,57,19
15461,VGhvbWFz,level2,10496,477772,64,19
15462,VGhvbWFz,LEVEL3,4707,477772,57,18
15463,VGhvbWFz,level4,12432,477772,69,22
15464,VGhvbWFz,LEVELX,10472,477772,72,22
15465,VGhvbWFz,LEVEL5,11538,477772,75,23
15467,VGhvbWFz,level6,11013,477772,89,28
15468,VGhvbWFz,LEVEL7,11629,477772,134,41
15469,U05BS0U=,level2,10503,519779,53,17
15470,Y29tZmxpeGVy,TURNOFF,3739,508133,36,12
15471,Y29tZmxpeGVy,HOTRUN,25881,508133,26,9
15473,T2xlZ28x,AIChambersRemastered,26108,15828,39,8
15474,SmltbXlCZW45OQ==,Test,1721,517799,65,18
15476,T2xlZ28x,CloneTest,73185,15828,8,2
15480,T2xlZ28x,FallDownRemastered,28449,15828,35,11
15481,T2xlZ28x,CloneTestRemastered,84802,15828,17,4
15482,dGhlcHlyb2h5ZHJh,SliderClimber,30494,520487,47,13
15485,Q2VoamxvdQ==,ohno,3302,520470,29,9
15487,QmlnIENodW5ndXM=,1roomlevel,6973,510690,21,6
15489,Q2VoamxvdQ==,ohnodfddfsd,3830,520470,15,5
15490,Y29tZmxpeGVy,DIED,5314,508133,37,12
15491,WkcuwQ==,Essaye1,74277,520248,37,11
15492,V2hpcnA=,EasyAchievement,2054,520679,32,9
15494,V2hpcnA=,EasyAchievement1,3848,520679,50,14
15496,WmVydG8=,Achievement,7718,76561198078459136,16,5
15497,bXNjdXBjYWtlcw==,heygamers,4308,76561197994555904,6,2
